<?xml version="1.0" encoding="UTF-8"?>
<!DOCTYPE mapper PUBLIC "-//mybatis.org//DTD Mapper 3.0//EN" "http://mybatis.org/dtd/mybatis-3-mapper.dtd">
<mapper namespace="com.xsl.erp.mapper.XslGroupRuleMapper">
  <resultMap id="BaseResultMap" type="xsl.erp.pojo.XslGroupRule">
    <id column="id" jdbcType="INTEGER" property="id" />
    <result column="groupid" jdbcType="INTEGER" property="groupid" />
    <result column="ruleid" jdbcType="INTEGER" property="ruleid" />
    <result column="name" jdbcType="VARCHAR" property="name" />
    <result column="url" jdbcType="VARCHAR" property="url" />
    <result column="token" jdbcType="VARCHAR" property="token" />
  </resultMap>
  <sql id="Example_Where_Clause">
    <where>
      <foreach collection="oredCriteria" item="criteria" separator="or">
        <if test="criteria.valid">
          <trim prefix="(" prefixOverrides="and" suffix=")">
            <foreach collection="criteria.criteria" item="criterion">
              <choose>
                <when test="criterion.noValue">
                  and ${criterion.condition}
                </when>
                <when test="criterion.singleValue">
                  and ${criterion.condition} #{criterion.value}
                </when>
                <when test="criterion.betweenValue">
                  and ${criterion.condition} #{criterion.value} and #{criterion.secondValue}
                </when>
                <when test="criterion.listValue">
                  and ${criterion.condition}
                  <foreach close=")" collection="criterion.value" item="listItem" open="(" separator=",">
                    #{listItem}
                  </foreach>
                </when>
              </choose>
            </foreach>
          </trim>
        </if>
      </foreach>
    </where>
  </sql>
  <sql id="Update_By_Example_Where_Clause">
    <where>
      <foreach collection="example.oredCriteria" item="criteria" separator="or">
        <if test="criteria.valid">
          <trim prefix="(" prefixOverrides="and" suffix=")">
            <foreach collection="criteria.criteria" item="criterion">
              <choose>
                <when test="criterion.noValue">
                  and ${criterion.condition}
                </when>
                <when test="criterion.singleValue">
                  and ${criterion.condition} #{criterion.value}
                </when>
                <when test="criterion.betweenValue">
                  and ${criterion.condition} #{criterion.value} and #{criterion.secondValue}
                </when>
                <when test="criterion.listValue">
                  and ${criterion.condition}
                  <foreach close=")" collection="criterion.value" item="listItem" open="(" separator=",">
                    #{listItem}
                  </foreach>
                </when>
              </choose>
            </foreach>
          </trim>
        </if>
      </foreach>
    </where>
  </sql>
  <sql id="Base_Column_List">
    id, groupid, ruleid, name, url, token
  </sql>
  <select id="selectByExample" parameterType="xsl.erp.pojo.XslGroupRuleExample" resultMap="BaseResultMap">
    select
    <if test="distinct">
      distinct
    </if>
    <include refid="Base_Column_List" />
    from xsl_group_rule
    <if test="_parameter != null">
      <include refid="Example_Where_Clause" />
    </if>
    <if test="orderByClause != null">
      order by ${orderByClause}
    </if>
  </select>
  <select id="selectByPrimaryKey" parameterType="java.lang.Integer" resultMap="BaseResultMap">
    select 
    <include refid="Base_Column_List" />
    from xsl_group_rule
    where id = #{id,jdbcType=INTEGER}
  </select>
  <delete id="deleteByPrimaryKey" parameterType="java.lang.Integer">
    delete from xsl_group_rule
    where id = #{id,jdbcType=INTEGER}
  </delete>
  <delete id="deleteByExample" parameterType="xsl.erp.pojo.XslGroupRuleExample">
    delete from xsl_group_rule
    <if test="_parameter != null">
      <include refid="Example_Where_Clause" />
    </if>
  </delete>
  <insert id="insert" parameterType="xsl.erp.pojo.XslGroupRule">
    insert into xsl_group_rule (id, groupid, ruleid, 
      name, url, token)
    values (#{id,jdbcType=INTEGER}, #{groupid,jdbcType=INTEGER}, #{ruleid,jdbcType=INTEGER}, 
      #{name,jdbcType=VARCHAR}, #{url,jdbcType=VARCHAR}, #{token,jdbcType=VARCHAR})
  </insert>
  <insert id="insertSelective" parameterType="xsl.erp.pojo.XslGroupRule">
    insert into xsl_group_rule
    <trim prefix="(" suffix=")" suffixOverrides=",">
      <if test="id != null">
        id,
      </if>
      <if test="groupid != null">
        groupid,
      </if>
      <if test="ruleid != null">
        ruleid,
      </if>
      <if test="name != null">
        name,
      </if>
      <if test="url != null">
        url,
      </if>
      <if test="token != null">
        token,
      </if>
    </trim>
    <trim prefix="values (" suffix=")" suffixOverrides=",">
      <if test="id != null">
        #{id,jdbcType=INTEGER},
      </if>
      <if test="groupid != null">
        #{groupid,jdbcType=INTEGER},
      </if>
      <if test="ruleid != null">
        #{ruleid,jdbcType=INTEGER},
      </if>
      <if test="name != null">
        #{name,jdbcType=VARCHAR},
      </if>
      <if test="url != null">
        #{url,jdbcType=VARCHAR},
      </if>
      <if test="token != null">
        #{token,jdbcType=VARCHAR},
      </if>
    </trim>
  </insert>
  <select id="countByExample" parameterType="xsl.erp.pojo.XslGroupRuleExample" resultType="java.lang.Long">
    select count(*) from xsl_group_rule
    <if test="_parameter != null">
      <include refid="Example_Where_Clause" />
    </if>
  </select>
  <update id="updateByExampleSelective" parameterType="map">
    update xsl_group_rule
    <set>
      <if test="record.id != null">
        id = #{record.id,jdbcType=INTEGER},
      </if>
      <if test="record.groupid != null">
        groupid = #{record.groupid,jdbcType=INTEGER},
      </if>
      <if test="record.ruleid != null">
        ruleid = #{record.ruleid,jdbcType=INTEGER},
      </if>
      <if test="record.name != null">
        name = #{record.name,jdbcType=VARCHAR},
      </if>
      <if test="record.url != null">
        url = #{record.url,jdbcType=VARCHAR},
      </if>
      <if test="record.token != null">
        token = #{record.token,jdbcType=VARCHAR},
      </if>
    </set>
    <if test="_parameter != null">
      <include refid="Update_By_Example_Where_Clause" />
    </if>
  </update>
  <update id="updateByExample" parameterType="map">
    update xsl_group_rule
    set id = #{record.id,jdbcType=INTEGER},
      groupid = #{record.groupid,jdbcType=INTEGER},
      ruleid = #{record.ruleid,jdbcType=INTEGER},
      name = #{record.name,jdbcType=VARCHAR},
      url = #{record.url,jdbcType=VARCHAR},
      token = #{record.token,jdbcType=VARCHAR}
    <if test="_parameter != null">
      <include refid="Update_By_Example_Where_Clause" />
    </if>
  </update>
  <update id="updateByPrimaryKeySelective" parameterType="xsl.erp.pojo.XslGroupRule">
    update xsl_group_rule
    <set>
      <if test="groupid != null">
        groupid = #{groupid,jdbcType=INTEGER},
      </if>
      <if test="ruleid != null">
        ruleid = #{ruleid,jdbcType=INTEGER},
      </if>
      <if test="name != null">
        name = #{name,jdbcType=VARCHAR},
      </if>
      <if test="url != null">
        url = #{url,jdbcType=VARCHAR},
      </if>
      <if test="token != null">
        token = #{token,jdbcType=VARCHAR},
      </if>
    </set>
    where id = #{id,jdbcType=INTEGER}
  </update>
  <update id="updateByPrimaryKey" parameterType="xsl.erp.pojo.XslGroupRule">
    update xsl_group_rule
    set groupid = #{groupid,jdbcType=INTEGER},
      ruleid = #{ruleid,jdbcType=INTEGER},
      name = #{name,jdbcType=VARCHAR},
      url = #{url,jdbcType=VARCHAR},
      token = #{token,jdbcType=VARCHAR}
    where id = #{id,jdbcType=INTEGER}
  </update>
</mapper>