<?xml version="1.0" encoding="UTF-8"?>
<!DOCTYPE mapper PUBLIC "-//mybatis.org//DTD Mapper 3.0//EN" "http://mybatis.org/dtd/mybatis-3-mapper.dtd">
<mapper namespace="com.xsl.erp.mapper.XslHunterLevelRuleMapper">
  <resultMap id="BaseResultMap" type="xsl.erp.pojo.XslHunterLevelRule">
    <id column="id" jdbcType="INTEGER" property="id" />
    <result column="hunterLevelId" jdbcType="VARCHAR" property="hunterlevelid" />
    <result column="ruleId" jdbcType="VARCHAR" property="ruleid" />
    <result column="createDate" jdbcType="DATE" property="createdate" />
  </resultMap>
  <sql id="Example_Where_Clause">
    <where>
      <foreach collection="oredCriteria" item="criteria" separator="or">
        <if test="criteria.valid">
          <trim prefix="(" prefixOverrides="and" suffix=")">
            <foreach collection="criteria.criteria" item="criterion">
              <choose>
                <when test="criterion.noValue">
                  and ${criterion.condition}
                </when>
                <when test="criterion.singleValue">
                  and ${criterion.condition} #{criterion.value}
                </when>
                <when test="criterion.betweenValue">
                  and ${criterion.condition} #{criterion.value} and #{criterion.secondValue}
                </when>
                <when test="criterion.listValue">
                  and ${criterion.condition}
                  <foreach close=")" collection="criterion.value" item="listItem" open="(" separator=",">
                    #{listItem}
                  </foreach>
                </when>
              </choose>
            </foreach>
          </trim>
        </if>
      </foreach>
    </where>
  </sql>
  <sql id="Update_By_Example_Where_Clause">
    <where>
      <foreach collection="example.oredCriteria" item="criteria" separator="or">
        <if test="criteria.valid">
          <trim prefix="(" prefixOverrides="and" suffix=")">
            <foreach collection="criteria.criteria" item="criterion">
              <choose>
                <when test="criterion.noValue">
                  and ${criterion.condition}
                </when>
                <when test="criterion.singleValue">
                  and ${criterion.condition} #{criterion.value}
                </when>
                <when test="criterion.betweenValue">
                  and ${criterion.condition} #{criterion.value} and #{criterion.secondValue}
                </when>
                <when test="criterion.listValue">
                  and ${criterion.condition}
                  <foreach close=")" collection="criterion.value" item="listItem" open="(" separator=",">
                    #{listItem}
                  </foreach>
                </when>
              </choose>
            </foreach>
          </trim>
        </if>
      </foreach>
    </where>
  </sql>
  <sql id="Base_Column_List">
    id, hunterLevelId, ruleId, createDate
  </sql>
  <select id="selectByExample" parameterType="xsl.erp.pojo.XslHunterLevelRuleExample" resultMap="BaseResultMap">
    select
    <if test="distinct">
      distinct
    </if>
    <include refid="Base_Column_List" />
    from xsl_hunter_level_rule
    <if test="_parameter != null">
      <include refid="Example_Where_Clause" />
    </if>
    <if test="orderByClause != null">
      order by ${orderByClause}
    </if>
  </select>
  <select id="selectByPrimaryKey" parameterType="java.lang.Integer" resultMap="BaseResultMap">
    select 
    <include refid="Base_Column_List" />
    from xsl_hunter_level_rule
    where id = #{id,jdbcType=INTEGER}
  </select>
  <delete id="deleteByPrimaryKey" parameterType="java.lang.Integer">
    delete from xsl_hunter_level_rule
    where id = #{id,jdbcType=INTEGER}
  </delete>
  <delete id="deleteByExample" parameterType="xsl.erp.pojo.XslHunterLevelRuleExample">
    delete from xsl_hunter_level_rule
    <if test="_parameter != null">
      <include refid="Example_Where_Clause" />
    </if>
  </delete>
  <insert id="insert" parameterType="xsl.erp.pojo.XslHunterLevelRule">
    insert into xsl_hunter_level_rule (id, hunterLevelId, ruleId, 
      createDate)
    values (#{id,jdbcType=INTEGER}, #{hunterlevelid,jdbcType=VARCHAR}, #{ruleid,jdbcType=VARCHAR}, 
      #{createdate,jdbcType=DATE})
  </insert>
  <insert id="insertSelective" parameterType="xsl.erp.pojo.XslHunterLevelRule">
    insert into xsl_hunter_level_rule
    <trim prefix="(" suffix=")" suffixOverrides=",">
      <if test="id != null">
        id,
      </if>
      <if test="hunterlevelid != null">
        hunterLevelId,
      </if>
      <if test="ruleid != null">
        ruleId,
      </if>
      <if test="createdate != null">
        createDate,
      </if>
    </trim>
    <trim prefix="values (" suffix=")" suffixOverrides=",">
      <if test="id != null">
        #{id,jdbcType=INTEGER},
      </if>
      <if test="hunterlevelid != null">
        #{hunterlevelid,jdbcType=VARCHAR},
      </if>
      <if test="ruleid != null">
        #{ruleid,jdbcType=VARCHAR},
      </if>
      <if test="createdate != null">
        #{createdate,jdbcType=DATE},
      </if>
    </trim>
  </insert>
  <select id="countByExample" parameterType="xsl.erp.pojo.XslHunterLevelRuleExample" resultType="java.lang.Long">
    select count(*) from xsl_hunter_level_rule
    <if test="_parameter != null">
      <include refid="Example_Where_Clause" />
    </if>
  </select>
  <update id="updateByExampleSelective" parameterType="map">
    update xsl_hunter_level_rule
    <set>
      <if test="record.id != null">
        id = #{record.id,jdbcType=INTEGER},
      </if>
      <if test="record.hunterlevelid != null">
        hunterLevelId = #{record.hunterlevelid,jdbcType=VARCHAR},
      </if>
      <if test="record.ruleid != null">
        ruleId = #{record.ruleid,jdbcType=VARCHAR},
      </if>
      <if test="record.createdate != null">
        createDate = #{record.createdate,jdbcType=DATE},
      </if>
    </set>
    <if test="_parameter != null">
      <include refid="Update_By_Example_Where_Clause" />
    </if>
  </update>
  <update id="updateByExample" parameterType="map">
    update xsl_hunter_level_rule
    set id = #{record.id,jdbcType=INTEGER},
      hunterLevelId = #{record.hunterlevelid,jdbcType=VARCHAR},
      ruleId = #{record.ruleid,jdbcType=VARCHAR},
      createDate = #{record.createdate,jdbcType=DATE}
    <if test="_parameter != null">
      <include refid="Update_By_Example_Where_Clause" />
    </if>
  </update>
  <update id="updateByPrimaryKeySelective" parameterType="xsl.erp.pojo.XslHunterLevelRule">
    update xsl_hunter_level_rule
    <set>
      <if test="hunterlevelid != null">
        hunterLevelId = #{hunterlevelid,jdbcType=VARCHAR},
      </if>
      <if test="ruleid != null">
        ruleId = #{ruleid,jdbcType=VARCHAR},
      </if>
      <if test="createdate != null">
        createDate = #{createdate,jdbcType=DATE},
      </if>
    </set>
    where id = #{id,jdbcType=INTEGER}
  </update>
  <update id="updateByPrimaryKey" parameterType="xsl.erp.pojo.XslHunterLevelRule">
    update xsl_hunter_level_rule
    set hunterLevelId = #{hunterlevelid,jdbcType=VARCHAR},
      ruleId = #{ruleid,jdbcType=VARCHAR},
      createDate = #{createdate,jdbcType=DATE}
    where id = #{id,jdbcType=INTEGER}
  </update>
</mapper>