<?xml version="1.0" encoding="UTF-8"?>
<!DOCTYPE mapper PUBLIC "-//mybatis.org//DTD Mapper 3.0//EN" "http://mybatis.org/dtd/mybatis-3-mapper.dtd">
<mapper namespace="com.xsl.erp.mapper.XslHunterTaskMapper">
  <resultMap id="BaseResultMap" type="xsl.erp.pojo.XslHunterTask">
    <id column="id" jdbcType="INTEGER" property="id" />
    <result column="hunterId" jdbcType="VARCHAR" property="hunterid" />
    <result column="taskId" jdbcType="VARCHAR" property="taskid" />
    <result column="createDate" jdbcType="TIMESTAMP" property="createdate" />
    <result column="updateDate" jdbcType="TIMESTAMP" property="updatedate" />
    <result column="taskState" jdbcType="TINYINT" property="taskstate" />
  </resultMap>
  <sql id="Example_Where_Clause">
    <where>
      <foreach collection="oredCriteria" item="criteria" separator="or">
        <if test="criteria.valid">
          <trim prefix="(" prefixOverrides="and" suffix=")">
            <foreach collection="criteria.criteria" item="criterion">
              <choose>
                <when test="criterion.noValue">
                  and ${criterion.condition}
                </when>
                <when test="criterion.singleValue">
                  and ${criterion.condition} #{criterion.value}
                </when>
                <when test="criterion.betweenValue">
                  and ${criterion.condition} #{criterion.value} and #{criterion.secondValue}
                </when>
                <when test="criterion.listValue">
                  and ${criterion.condition}
                  <foreach close=")" collection="criterion.value" item="listItem" open="(" separator=",">
                    #{listItem}
                  </foreach>
                </when>
              </choose>
            </foreach>
          </trim>
        </if>
      </foreach>
    </where>
  </sql>
  <sql id="Update_By_Example_Where_Clause">
    <where>
      <foreach collection="example.oredCriteria" item="criteria" separator="or">
        <if test="criteria.valid">
          <trim prefix="(" prefixOverrides="and" suffix=")">
            <foreach collection="criteria.criteria" item="criterion">
              <choose>
                <when test="criterion.noValue">
                  and ${criterion.condition}
                </when>
                <when test="criterion.singleValue">
                  and ${criterion.condition} #{criterion.value}
                </when>
                <when test="criterion.betweenValue">
                  and ${criterion.condition} #{criterion.value} and #{criterion.secondValue}
                </when>
                <when test="criterion.listValue">
                  and ${criterion.condition}
                  <foreach close=")" collection="criterion.value" item="listItem" open="(" separator=",">
                    #{listItem}
                  </foreach>
                </when>
              </choose>
            </foreach>
          </trim>
        </if>
      </foreach>
    </where>
  </sql>
  <sql id="Base_Column_List">
    id, hunterId, taskId, createDate, updateDate, taskState
  </sql>
  <select id="selectByExample" parameterType="xsl.erp.pojo.XslHunterTaskExample" resultMap="BaseResultMap">
    select
    <if test="distinct">
      distinct
    </if>
    <include refid="Base_Column_List" />
    from xsl_hunter_task
    <if test="_parameter != null">
      <include refid="Example_Where_Clause" />
    </if>
    <if test="orderByClause != null">
      order by ${orderByClause}
    </if>
  </select>
  <select id="selectByPrimaryKey" parameterType="java.lang.Integer" resultMap="BaseResultMap">
    select 
    <include refid="Base_Column_List" />
    from xsl_hunter_task
    where id = #{id,jdbcType=INTEGER}
  </select>
  <delete id="deleteByPrimaryKey" parameterType="java.lang.Integer">
    delete from xsl_hunter_task
    where id = #{id,jdbcType=INTEGER}
  </delete>
  <delete id="deleteByExample" parameterType="xsl.erp.pojo.XslHunterTaskExample">
    delete from xsl_hunter_task
    <if test="_parameter != null">
      <include refid="Example_Where_Clause" />
    </if>
  </delete>
  <insert id="insert" parameterType="xsl.erp.pojo.XslHunterTask">
    insert into xsl_hunter_task (id, hunterId, taskId, 
      createDate, updateDate, taskState
      )
    values (#{id,jdbcType=INTEGER}, #{hunterid,jdbcType=VARCHAR}, #{taskid,jdbcType=VARCHAR}, 
      #{createdate,jdbcType=TIMESTAMP}, #{updatedate,jdbcType=TIMESTAMP}, #{taskstate,jdbcType=TINYINT}
      )
  </insert>
  <insert id="insertSelective" parameterType="xsl.erp.pojo.XslHunterTask">
    insert into xsl_hunter_task
    <trim prefix="(" suffix=")" suffixOverrides=",">
      <if test="id != null">
        id,
      </if>
      <if test="hunterid != null">
        hunterId,
      </if>
      <if test="taskid != null">
        taskId,
      </if>
      <if test="createdate != null">
        createDate,
      </if>
      <if test="updatedate != null">
        updateDate,
      </if>
      <if test="taskstate != null">
        taskState,
      </if>
    </trim>
    <trim prefix="values (" suffix=")" suffixOverrides=",">
      <if test="id != null">
        #{id,jdbcType=INTEGER},
      </if>
      <if test="hunterid != null">
        #{hunterid,jdbcType=VARCHAR},
      </if>
      <if test="taskid != null">
        #{taskid,jdbcType=VARCHAR},
      </if>
      <if test="createdate != null">
        #{createdate,jdbcType=TIMESTAMP},
      </if>
      <if test="updatedate != null">
        #{updatedate,jdbcType=TIMESTAMP},
      </if>
      <if test="taskstate != null">
        #{taskstate,jdbcType=TINYINT},
      </if>
    </trim>
  </insert>
  <select id="countByExample" parameterType="xsl.erp.pojo.XslHunterTaskExample" resultType="java.lang.Long">
    select count(*) from xsl_hunter_task
    <if test="_parameter != null">
      <include refid="Example_Where_Clause" />
    </if>
  </select>
  <update id="updateByExampleSelective" parameterType="map">
    update xsl_hunter_task
    <set>
      <if test="record.id != null">
        id = #{record.id,jdbcType=INTEGER},
      </if>
      <if test="record.hunterid != null">
        hunterId = #{record.hunterid,jdbcType=VARCHAR},
      </if>
      <if test="record.taskid != null">
        taskId = #{record.taskid,jdbcType=VARCHAR},
      </if>
      <if test="record.createdate != null">
        createDate = #{record.createdate,jdbcType=TIMESTAMP},
      </if>
      <if test="record.updatedate != null">
        updateDate = #{record.updatedate,jdbcType=TIMESTAMP},
      </if>
      <if test="record.taskstate != null">
        taskState = #{record.taskstate,jdbcType=TINYINT},
      </if>
    </set>
    <if test="_parameter != null">
      <include refid="Update_By_Example_Where_Clause" />
    </if>
  </update>
  <update id="updateByExample" parameterType="map">
    update xsl_hunter_task
    set id = #{record.id,jdbcType=INTEGER},
      hunterId = #{record.hunterid,jdbcType=VARCHAR},
      taskId = #{record.taskid,jdbcType=VARCHAR},
      createDate = #{record.createdate,jdbcType=TIMESTAMP},
      updateDate = #{record.updatedate,jdbcType=TIMESTAMP},
      taskState = #{record.taskstate,jdbcType=TINYINT}
    <if test="_parameter != null">
      <include refid="Update_By_Example_Where_Clause" />
    </if>
  </update>
  <update id="updateByPrimaryKeySelective" parameterType="xsl.erp.pojo.XslHunterTask">
    update xsl_hunter_task
    <set>
      <if test="hunterid != null">
        hunterId = #{hunterid,jdbcType=VARCHAR},
      </if>
      <if test="taskid != null">
        taskId = #{taskid,jdbcType=VARCHAR},
      </if>
      <if test="createdate != null">
        createDate = #{createdate,jdbcType=TIMESTAMP},
      </if>
      <if test="updatedate != null">
        updateDate = #{updatedate,jdbcType=TIMESTAMP},
      </if>
      <if test="taskstate != null">
        taskState = #{taskstate,jdbcType=TINYINT},
      </if>
    </set>
    where id = #{id,jdbcType=INTEGER}
  </update>
  <update id="updateByPrimaryKey" parameterType="xsl.erp.pojo.XslHunterTask">
    update xsl_hunter_task
    set hunterId = #{hunterid,jdbcType=VARCHAR},
      taskId = #{taskid,jdbcType=VARCHAR},
      createDate = #{createdate,jdbcType=TIMESTAMP},
      updateDate = #{updatedate,jdbcType=TIMESTAMP},
      taskState = #{taskstate,jdbcType=TINYINT}
    where id = #{id,jdbcType=INTEGER}
  </update>
</mapper>