<?xml version="1.0" encoding="UTF-8"?>
<!DOCTYPE mapper PUBLIC "-//mybatis.org//DTD Mapper 3.0//EN" "http://mybatis.org/dtd/mybatis-3-mapper.dtd">
<mapper namespace="com.xsl.erp.mapper.XslHunterLevelMapper">
  <resultMap id="BaseResultMap" type="xsl.erp.pojo.XslHunterLevel">
    <id column="id" jdbcType="INTEGER" property="id" />
    <result column="levelId" jdbcType="VARCHAR" property="levelid" />
    <result column="level" jdbcType="SMALLINT" property="level" />
    <result column="name" jdbcType="VARCHAR" property="name" />
    <result column="descr" jdbcType="VARCHAR" property="descr" />
    <result column="createDate" jdbcType="DATE" property="createdate" />
    <result column="updateDate" jdbcType="DATE" property="updatedate" />
  </resultMap>
  <sql id="Example_Where_Clause">
    <where>
      <foreach collection="oredCriteria" item="criteria" separator="or">
        <if test="criteria.valid">
          <trim prefix="(" prefixOverrides="and" suffix=")">
            <foreach collection="criteria.criteria" item="criterion">
              <choose>
                <when test="criterion.noValue">
                  and ${criterion.condition}
                </when>
                <when test="criterion.singleValue">
                  and ${criterion.condition} #{criterion.value}
                </when>
                <when test="criterion.betweenValue">
                  and ${criterion.condition} #{criterion.value} and #{criterion.secondValue}
                </when>
                <when test="criterion.listValue">
                  and ${criterion.condition}
                  <foreach close=")" collection="criterion.value" item="listItem" open="(" separator=",">
                    #{listItem}
                  </foreach>
                </when>
              </choose>
            </foreach>
          </trim>
        </if>
      </foreach>
    </where>
  </sql>
  <sql id="Update_By_Example_Where_Clause">
    <where>
      <foreach collection="example.oredCriteria" item="criteria" separator="or">
        <if test="criteria.valid">
          <trim prefix="(" prefixOverrides="and" suffix=")">
            <foreach collection="criteria.criteria" item="criterion">
              <choose>
                <when test="criterion.noValue">
                  and ${criterion.condition}
                </when>
                <when test="criterion.singleValue">
                  and ${criterion.condition} #{criterion.value}
                </when>
                <when test="criterion.betweenValue">
                  and ${criterion.condition} #{criterion.value} and #{criterion.secondValue}
                </when>
                <when test="criterion.listValue">
                  and ${criterion.condition}
                  <foreach close=")" collection="criterion.value" item="listItem" open="(" separator=",">
                    #{listItem}
                  </foreach>
                </when>
              </choose>
            </foreach>
          </trim>
        </if>
      </foreach>
    </where>
  </sql>
  <sql id="Base_Column_List">
    id, levelId, level, name, descr, createDate, updateDate
  </sql>
  <select id="selectByExample" parameterType="xsl.erp.pojo.XslHunterLevelExample" resultMap="BaseResultMap">
    select
    <if test="distinct">
      distinct
    </if>
    <include refid="Base_Column_List" />
    from xsl_hunter_level
    <if test="_parameter != null">
      <include refid="Example_Where_Clause" />
    </if>
    <if test="orderByClause != null">
      order by ${orderByClause}
    </if>
  </select>
  <select id="selectByPrimaryKey" parameterType="java.lang.Integer" resultMap="BaseResultMap">
    select 
    <include refid="Base_Column_List" />
    from xsl_hunter_level
    where id = #{id,jdbcType=INTEGER}
  </select>
  <delete id="deleteByPrimaryKey" parameterType="java.lang.Integer">
    delete from xsl_hunter_level
    where id = #{id,jdbcType=INTEGER}
  </delete>
  <delete id="deleteByExample" parameterType="xsl.erp.pojo.XslHunterLevelExample">
    delete from xsl_hunter_level
    <if test="_parameter != null">
      <include refid="Example_Where_Clause" />
    </if>
  </delete>
  <insert id="insert" parameterType="xsl.erp.pojo.XslHunterLevel">
    insert into xsl_hunter_level (id, levelId, level, 
      name, descr, createDate, 
      updateDate)
    values (#{id,jdbcType=INTEGER}, #{levelid,jdbcType=VARCHAR}, #{level,jdbcType=SMALLINT}, 
      #{name,jdbcType=VARCHAR}, #{descr,jdbcType=VARCHAR}, #{createdate,jdbcType=DATE}, 
      #{updatedate,jdbcType=DATE})
  </insert>
  <insert id="insertSelective" parameterType="xsl.erp.pojo.XslHunterLevel">
    insert into xsl_hunter_level
    <trim prefix="(" suffix=")" suffixOverrides=",">
      <if test="id != null">
        id,
      </if>
      <if test="levelid != null">
        levelId,
      </if>
      <if test="level != null">
        level,
      </if>
      <if test="name != null">
        name,
      </if>
      <if test="descr != null">
        descr,
      </if>
      <if test="createdate != null">
        createDate,
      </if>
      <if test="updatedate != null">
        updateDate,
      </if>
    </trim>
    <trim prefix="values (" suffix=")" suffixOverrides=",">
      <if test="id != null">
        #{id,jdbcType=INTEGER},
      </if>
      <if test="levelid != null">
        #{levelid,jdbcType=VARCHAR},
      </if>
      <if test="level != null">
        #{level,jdbcType=SMALLINT},
      </if>
      <if test="name != null">
        #{name,jdbcType=VARCHAR},
      </if>
      <if test="descr != null">
        #{descr,jdbcType=VARCHAR},
      </if>
      <if test="createdate != null">
        #{createdate,jdbcType=DATE},
      </if>
      <if test="updatedate != null">
        #{updatedate,jdbcType=DATE},
      </if>
    </trim>
  </insert>
  <select id="countByExample" parameterType="xsl.erp.pojo.XslHunterLevelExample" resultType="java.lang.Long">
    select count(*) from xsl_hunter_level
    <if test="_parameter != null">
      <include refid="Example_Where_Clause" />
    </if>
  </select>
  <update id="updateByExampleSelective" parameterType="map">
    update xsl_hunter_level
    <set>
      <if test="record.id != null">
        id = #{record.id,jdbcType=INTEGER},
      </if>
      <if test="record.levelid != null">
        levelId = #{record.levelid,jdbcType=VARCHAR},
      </if>
      <if test="record.level != null">
        level = #{record.level,jdbcType=SMALLINT},
      </if>
      <if test="record.name != null">
        name = #{record.name,jdbcType=VARCHAR},
      </if>
      <if test="record.descr != null">
        descr = #{record.descr,jdbcType=VARCHAR},
      </if>
      <if test="record.createdate != null">
        createDate = #{record.createdate,jdbcType=DATE},
      </if>
      <if test="record.updatedate != null">
        updateDate = #{record.updatedate,jdbcType=DATE},
      </if>
    </set>
    <if test="_parameter != null">
      <include refid="Update_By_Example_Where_Clause" />
    </if>
  </update>
  <update id="updateByExample" parameterType="map">
    update xsl_hunter_level
    set id = #{record.id,jdbcType=INTEGER},
      levelId = #{record.levelid,jdbcType=VARCHAR},
      level = #{record.level,jdbcType=SMALLINT},
      name = #{record.name,jdbcType=VARCHAR},
      descr = #{record.descr,jdbcType=VARCHAR},
      createDate = #{record.createdate,jdbcType=DATE},
      updateDate = #{record.updatedate,jdbcType=DATE}
    <if test="_parameter != null">
      <include refid="Update_By_Example_Where_Clause" />
    </if>
  </update>
  <update id="updateByPrimaryKeySelective" parameterType="xsl.erp.pojo.XslHunterLevel">
    update xsl_hunter_level
    <set>
      <if test="levelid != null">
        levelId = #{levelid,jdbcType=VARCHAR},
      </if>
      <if test="level != null">
        level = #{level,jdbcType=SMALLINT},
      </if>
      <if test="name != null">
        name = #{name,jdbcType=VARCHAR},
      </if>
      <if test="descr != null">
        descr = #{descr,jdbcType=VARCHAR},
      </if>
      <if test="createdate != null">
        createDate = #{createdate,jdbcType=DATE},
      </if>
      <if test="updatedate != null">
        updateDate = #{updatedate,jdbcType=DATE},
      </if>
    </set>
    where id = #{id,jdbcType=INTEGER}
  </update>
  <update id="updateByPrimaryKey" parameterType="xsl.erp.pojo.XslHunterLevel">
    update xsl_hunter_level
    set levelId = #{levelid,jdbcType=VARCHAR},
      level = #{level,jdbcType=SMALLINT},
      name = #{name,jdbcType=VARCHAR},
      descr = #{descr,jdbcType=VARCHAR},
      createDate = #{createdate,jdbcType=DATE},
      updateDate = #{updatedate,jdbcType=DATE}
    where id = #{id,jdbcType=INTEGER}
  </update>
</mapper>