<?xml version="1.0" encoding="UTF-8"?>
<!DOCTYPE mapper PUBLIC "-//mybatis.org//DTD Mapper 3.0//EN" "http://mybatis.org/dtd/mybatis-3-mapper.dtd">
<mapper namespace="com.xsl.erp.mapper.XslLogMapper">
  <resultMap id="BaseResultMap" type="xsl.erp.pojo.XslLog">
    <id column="id" jdbcType="INTEGER" property="id" />
    <result column="ip" jdbcType="VARCHAR" property="ip" />
    <result column="operation" jdbcType="VARCHAR" property="operation" />
    <result column="operationtime" jdbcType="TIMESTAMP" property="operationtime" />
    <result column="operationer" jdbcType="VARCHAR" property="operationer" />
  </resultMap>
  <sql id="Example_Where_Clause">
    <where>
      <foreach collection="oredCriteria" item="criteria" separator="or">
        <if test="criteria.valid">
          <trim prefix="(" prefixOverrides="and" suffix=")">
            <foreach collection="criteria.criteria" item="criterion">
              <choose>
                <when test="criterion.noValue">
                  and ${criterion.condition}
                </when>
                <when test="criterion.singleValue">
                  and ${criterion.condition} #{criterion.value}
                </when>
                <when test="criterion.betweenValue">
                  and ${criterion.condition} #{criterion.value} and #{criterion.secondValue}
                </when>
                <when test="criterion.listValue">
                  and ${criterion.condition}
                  <foreach close=")" collection="criterion.value" item="listItem" open="(" separator=",">
                    #{listItem}
                  </foreach>
                </when>
              </choose>
            </foreach>
          </trim>
        </if>
      </foreach>
    </where>
  </sql>
  <sql id="Update_By_Example_Where_Clause">
    <where>
      <foreach collection="example.oredCriteria" item="criteria" separator="or">
        <if test="criteria.valid">
          <trim prefix="(" prefixOverrides="and" suffix=")">
            <foreach collection="criteria.criteria" item="criterion">
              <choose>
                <when test="criterion.noValue">
                  and ${criterion.condition}
                </when>
                <when test="criterion.singleValue">
                  and ${criterion.condition} #{criterion.value}
                </when>
                <when test="criterion.betweenValue">
                  and ${criterion.condition} #{criterion.value} and #{criterion.secondValue}
                </when>
                <when test="criterion.listValue">
                  and ${criterion.condition}
                  <foreach close=")" collection="criterion.value" item="listItem" open="(" separator=",">
                    #{listItem}
                  </foreach>
                </when>
              </choose>
            </foreach>
          </trim>
        </if>
      </foreach>
    </where>
  </sql>
  <sql id="Base_Column_List">
    id, ip, operation, operationtime, operationer
  </sql>
  <select id="selectByExample" parameterType="xsl.erp.pojo.XslLogExample" resultMap="BaseResultMap">
    select
    <if test="distinct">
      distinct
    </if>
    <include refid="Base_Column_List" />
    from xsl_log
    <if test="_parameter != null">
      <include refid="Example_Where_Clause" />
    </if>
    <if test="orderByClause != null">
      order by ${orderByClause}
    </if>
  </select>
  <select id="selectByPrimaryKey" parameterType="java.lang.Integer" resultMap="BaseResultMap">
    select 
    <include refid="Base_Column_List" />
    from xsl_log
    where id = #{id,jdbcType=INTEGER}
  </select>
  <delete id="deleteByPrimaryKey" parameterType="java.lang.Integer">
    delete from xsl_log
    where id = #{id,jdbcType=INTEGER}
  </delete>
  <delete id="deleteByExample" parameterType="xsl.erp.pojo.XslLogExample">
    delete from xsl_log
    <if test="_parameter != null">
      <include refid="Example_Where_Clause" />
    </if>
  </delete>
  <insert id="insert" parameterType="xsl.erp.pojo.XslLog">
    insert into xsl_log (id, ip, operation, 
      operationtime, operationer)
    values (#{id,jdbcType=INTEGER}, #{ip,jdbcType=VARCHAR}, #{operation,jdbcType=VARCHAR}, 
      #{operationtime,jdbcType=TIMESTAMP}, #{operationer,jdbcType=VARCHAR})
  </insert>
  <insert id="insertSelective" parameterType="xsl.erp.pojo.XslLog">
    insert into xsl_log
    <trim prefix="(" suffix=")" suffixOverrides=",">
      <if test="id != null">
        id,
      </if>
      <if test="ip != null">
        ip,
      </if>
      <if test="operation != null">
        operation,
      </if>
      <if test="operationtime != null">
        operationtime,
      </if>
      <if test="operationer != null">
        operationer,
      </if>
    </trim>
    <trim prefix="values (" suffix=")" suffixOverrides=",">
      <if test="id != null">
        #{id,jdbcType=INTEGER},
      </if>
      <if test="ip != null">
        #{ip,jdbcType=VARCHAR},
      </if>
      <if test="operation != null">
        #{operation,jdbcType=VARCHAR},
      </if>
      <if test="operationtime != null">
        #{operationtime,jdbcType=TIMESTAMP},
      </if>
      <if test="operationer != null">
        #{operationer,jdbcType=VARCHAR},
      </if>
    </trim>
  </insert>
  <select id="countByExample" parameterType="xsl.erp.pojo.XslLogExample" resultType="java.lang.Long">
    select count(*) from xsl_log
    <if test="_parameter != null">
      <include refid="Example_Where_Clause" />
    </if>
  </select>
  <update id="updateByExampleSelective" parameterType="map">
    update xsl_log
    <set>
      <if test="record.id != null">
        id = #{record.id,jdbcType=INTEGER},
      </if>
      <if test="record.ip != null">
        ip = #{record.ip,jdbcType=VARCHAR},
      </if>
      <if test="record.operation != null">
        operation = #{record.operation,jdbcType=VARCHAR},
      </if>
      <if test="record.operationtime != null">
        operationtime = #{record.operationtime,jdbcType=TIMESTAMP},
      </if>
      <if test="record.operationer != null">
        operationer = #{record.operationer,jdbcType=VARCHAR},
      </if>
    </set>
    <if test="_parameter != null">
      <include refid="Update_By_Example_Where_Clause" />
    </if>
  </update>
  <update id="updateByExample" parameterType="map">
    update xsl_log
    set id = #{record.id,jdbcType=INTEGER},
      ip = #{record.ip,jdbcType=VARCHAR},
      operation = #{record.operation,jdbcType=VARCHAR},
      operationtime = #{record.operationtime,jdbcType=TIMESTAMP},
      operationer = #{record.operationer,jdbcType=VARCHAR}
    <if test="_parameter != null">
      <include refid="Update_By_Example_Where_Clause" />
    </if>
  </update>
  <update id="updateByPrimaryKeySelective" parameterType="xsl.erp.pojo.XslLog">
    update xsl_log
    <set>
      <if test="ip != null">
        ip = #{ip,jdbcType=VARCHAR},
      </if>
      <if test="operation != null">
        operation = #{operation,jdbcType=VARCHAR},
      </if>
      <if test="operationtime != null">
        operationtime = #{operationtime,jdbcType=TIMESTAMP},
      </if>
      <if test="operationer != null">
        operationer = #{operationer,jdbcType=VARCHAR},
      </if>
    </set>
    where id = #{id,jdbcType=INTEGER}
  </update>
  <update id="updateByPrimaryKey" parameterType="xsl.erp.pojo.XslLog">
    update xsl_log
    set ip = #{ip,jdbcType=VARCHAR},
      operation = #{operation,jdbcType=VARCHAR},
      operationtime = #{operationtime,jdbcType=TIMESTAMP},
      operationer = #{operationer,jdbcType=VARCHAR}
    where id = #{id,jdbcType=INTEGER}
  </update>
</mapper>