<?xml version="1.0" encoding="UTF-8"?>
<!DOCTYPE mapper PUBLIC "-//mybatis.org//DTD Mapper 3.0//EN" "http://mybatis.org/dtd/mybatis-3-mapper.dtd">
<mapper namespace="com.xsl.erp.mapper.XslMasterTagMapper">
  <resultMap id="BaseResultMap" type="xsl.erp.pojo.XslMasterTag">
    <id column="id" jdbcType="INTEGER" property="id" />
    <result column="masterId" jdbcType="VARCHAR" property="masterid" />
    <result column="tagId" jdbcType="VARCHAR" property="tagid" />
    <result column="createDate" jdbcType="DATE" property="createdate" />
    <result column="state" jdbcType="BIT" property="state" />
  </resultMap>
  <sql id="Example_Where_Clause">
    <where>
      <foreach collection="oredCriteria" item="criteria" separator="or">
        <if test="criteria.valid">
          <trim prefix="(" prefixOverrides="and" suffix=")">
            <foreach collection="criteria.criteria" item="criterion">
              <choose>
                <when test="criterion.noValue">
                  and ${criterion.condition}
                </when>
                <when test="criterion.singleValue">
                  and ${criterion.condition} #{criterion.value}
                </when>
                <when test="criterion.betweenValue">
                  and ${criterion.condition} #{criterion.value} and #{criterion.secondValue}
                </when>
                <when test="criterion.listValue">
                  and ${criterion.condition}
                  <foreach close=")" collection="criterion.value" item="listItem" open="(" separator=",">
                    #{listItem}
                  </foreach>
                </when>
              </choose>
            </foreach>
          </trim>
        </if>
      </foreach>
    </where>
  </sql>
  <sql id="Update_By_Example_Where_Clause">
    <where>
      <foreach collection="example.oredCriteria" item="criteria" separator="or">
        <if test="criteria.valid">
          <trim prefix="(" prefixOverrides="and" suffix=")">
            <foreach collection="criteria.criteria" item="criterion">
              <choose>
                <when test="criterion.noValue">
                  and ${criterion.condition}
                </when>
                <when test="criterion.singleValue">
                  and ${criterion.condition} #{criterion.value}
                </when>
                <when test="criterion.betweenValue">
                  and ${criterion.condition} #{criterion.value} and #{criterion.secondValue}
                </when>
                <when test="criterion.listValue">
                  and ${criterion.condition}
                  <foreach close=")" collection="criterion.value" item="listItem" open="(" separator=",">
                    #{listItem}
                  </foreach>
                </when>
              </choose>
            </foreach>
          </trim>
        </if>
      </foreach>
    </where>
  </sql>
  <sql id="Base_Column_List">
    id, masterId, tagId, createDate, state
  </sql>
  <select id="selectByExample" parameterType="xsl.erp.pojo.XslMasterTagExample" resultMap="BaseResultMap">
    select
    <if test="distinct">
      distinct
    </if>
    <include refid="Base_Column_List" />
    from xsl_master_tag
    <if test="_parameter != null">
      <include refid="Example_Where_Clause" />
    </if>
    <if test="orderByClause != null">
      order by ${orderByClause}
    </if>
  </select>
  <select id="selectByPrimaryKey" parameterType="java.lang.Integer" resultMap="BaseResultMap">
    select 
    <include refid="Base_Column_List" />
    from xsl_master_tag
    where id = #{id,jdbcType=INTEGER}
  </select>
  <delete id="deleteByPrimaryKey" parameterType="java.lang.Integer">
    delete from xsl_master_tag
    where id = #{id,jdbcType=INTEGER}
  </delete>
  <delete id="deleteByExample" parameterType="xsl.erp.pojo.XslMasterTagExample">
    delete from xsl_master_tag
    <if test="_parameter != null">
      <include refid="Example_Where_Clause" />
    </if>
  </delete>
  <insert id="insert" parameterType="xsl.erp.pojo.XslMasterTag">
    insert into xsl_master_tag (id, masterId, tagId, 
      createDate, state)
    values (#{id,jdbcType=INTEGER}, #{masterid,jdbcType=VARCHAR}, #{tagid,jdbcType=VARCHAR}, 
      #{createdate,jdbcType=DATE}, #{state,jdbcType=BIT})
  </insert>
  <insert id="insertSelective" parameterType="xsl.erp.pojo.XslMasterTag">
    insert into xsl_master_tag
    <trim prefix="(" suffix=")" suffixOverrides=",">
      <if test="id != null">
        id,
      </if>
      <if test="masterid != null">
        masterId,
      </if>
      <if test="tagid != null">
        tagId,
      </if>
      <if test="createdate != null">
        createDate,
      </if>
      <if test="state != null">
        state,
      </if>
    </trim>
    <trim prefix="values (" suffix=")" suffixOverrides=",">
      <if test="id != null">
        #{id,jdbcType=INTEGER},
      </if>
      <if test="masterid != null">
        #{masterid,jdbcType=VARCHAR},
      </if>
      <if test="tagid != null">
        #{tagid,jdbcType=VARCHAR},
      </if>
      <if test="createdate != null">
        #{createdate,jdbcType=DATE},
      </if>
      <if test="state != null">
        #{state,jdbcType=BIT},
      </if>
    </trim>
  </insert>
  <select id="countByExample" parameterType="xsl.erp.pojo.XslMasterTagExample" resultType="java.lang.Long">
    select count(*) from xsl_master_tag
    <if test="_parameter != null">
      <include refid="Example_Where_Clause" />
    </if>
  </select>
  <update id="updateByExampleSelective" parameterType="map">
    update xsl_master_tag
    <set>
      <if test="record.id != null">
        id = #{record.id,jdbcType=INTEGER},
      </if>
      <if test="record.masterid != null">
        masterId = #{record.masterid,jdbcType=VARCHAR},
      </if>
      <if test="record.tagid != null">
        tagId = #{record.tagid,jdbcType=VARCHAR},
      </if>
      <if test="record.createdate != null">
        createDate = #{record.createdate,jdbcType=DATE},
      </if>
      <if test="record.state != null">
        state = #{record.state,jdbcType=BIT},
      </if>
    </set>
    <if test="_parameter != null">
      <include refid="Update_By_Example_Where_Clause" />
    </if>
  </update>
  <update id="updateByExample" parameterType="map">
    update xsl_master_tag
    set id = #{record.id,jdbcType=INTEGER},
      masterId = #{record.masterid,jdbcType=VARCHAR},
      tagId = #{record.tagid,jdbcType=VARCHAR},
      createDate = #{record.createdate,jdbcType=DATE},
      state = #{record.state,jdbcType=BIT}
    <if test="_parameter != null">
      <include refid="Update_By_Example_Where_Clause" />
    </if>
  </update>
  <update id="updateByPrimaryKeySelective" parameterType="xsl.erp.pojo.XslMasterTag">
    update xsl_master_tag
    <set>
      <if test="masterid != null">
        masterId = #{masterid,jdbcType=VARCHAR},
      </if>
      <if test="tagid != null">
        tagId = #{tagid,jdbcType=VARCHAR},
      </if>
      <if test="createdate != null">
        createDate = #{createdate,jdbcType=DATE},
      </if>
      <if test="state != null">
        state = #{state,jdbcType=BIT},
      </if>
    </set>
    where id = #{id,jdbcType=INTEGER}
  </update>
  <update id="updateByPrimaryKey" parameterType="xsl.erp.pojo.XslMasterTag">
    update xsl_master_tag
    set masterId = #{masterid,jdbcType=VARCHAR},
      tagId = #{tagid,jdbcType=VARCHAR},
      createDate = #{createdate,jdbcType=DATE},
      state = #{state,jdbcType=BIT}
    where id = #{id,jdbcType=INTEGER}
  </update>
</mapper>