<?xml version="1.0" encoding="UTF-8"?>
<!DOCTYPE mapper PUBLIC "-//mybatis.org//DTD Mapper 3.0//EN" "http://mybatis.org/dtd/mybatis-3-mapper.dtd">
<mapper namespace="com.xsl.erp.mapper.XslMatchRewardMapper">
  <resultMap id="BaseResultMap" type="xsl.erp.pojo.XslMatchReward">
    <id column="Id" jdbcType="INTEGER" property="id" />
    <result column="match_id" jdbcType="VARCHAR" property="matchId" />
    <result column="remard_id" jdbcType="VARCHAR" property="remardId" />
  </resultMap>
  <sql id="Example_Where_Clause">
    <where>
      <foreach collection="oredCriteria" item="criteria" separator="or">
        <if test="criteria.valid">
          <trim prefix="(" prefixOverrides="and" suffix=")">
            <foreach collection="criteria.criteria" item="criterion">
              <choose>
                <when test="criterion.noValue">
                  and ${criterion.condition}
                </when>
                <when test="criterion.singleValue">
                  and ${criterion.condition} #{criterion.value}
                </when>
                <when test="criterion.betweenValue">
                  and ${criterion.condition} #{criterion.value} and #{criterion.secondValue}
                </when>
                <when test="criterion.listValue">
                  and ${criterion.condition}
                  <foreach close=")" collection="criterion.value" item="listItem" open="(" separator=",">
                    #{listItem}
                  </foreach>
                </when>
              </choose>
            </foreach>
          </trim>
        </if>
      </foreach>
    </where>
  </sql>
  <sql id="Update_By_Example_Where_Clause">
    <where>
      <foreach collection="example.oredCriteria" item="criteria" separator="or">
        <if test="criteria.valid">
          <trim prefix="(" prefixOverrides="and" suffix=")">
            <foreach collection="criteria.criteria" item="criterion">
              <choose>
                <when test="criterion.noValue">
                  and ${criterion.condition}
                </when>
                <when test="criterion.singleValue">
                  and ${criterion.condition} #{criterion.value}
                </when>
                <when test="criterion.betweenValue">
                  and ${criterion.condition} #{criterion.value} and #{criterion.secondValue}
                </when>
                <when test="criterion.listValue">
                  and ${criterion.condition}
                  <foreach close=")" collection="criterion.value" item="listItem" open="(" separator=",">
                    #{listItem}
                  </foreach>
                </when>
              </choose>
            </foreach>
          </trim>
        </if>
      </foreach>
    </where>
  </sql>
  <sql id="Base_Column_List">
    Id, match_id, remard_id
  </sql>
  <select id="selectByExample" parameterType="xsl.erp.pojo.XslMatchRewardExample" resultMap="BaseResultMap">
    select
    <if test="distinct">
      distinct
    </if>
    <include refid="Base_Column_List" />
    from xsl_match_reward
    <if test="_parameter != null">
      <include refid="Example_Where_Clause" />
    </if>
    <if test="orderByClause != null">
      order by ${orderByClause}
    </if>
  </select>
  <select id="selectByPrimaryKey" parameterType="java.lang.Integer" resultMap="BaseResultMap">
    select 
    <include refid="Base_Column_List" />
    from xsl_match_reward
    where Id = #{id,jdbcType=INTEGER}
  </select>
  <delete id="deleteByPrimaryKey" parameterType="java.lang.Integer">
    delete from xsl_match_reward
    where Id = #{id,jdbcType=INTEGER}
  </delete>
  <delete id="deleteByExample" parameterType="xsl.erp.pojo.XslMatchRewardExample">
    delete from xsl_match_reward
    <if test="_parameter != null">
      <include refid="Example_Where_Clause" />
    </if>
  </delete>
  <insert id="insert" parameterType="xsl.erp.pojo.XslMatchReward">
    insert into xsl_match_reward (Id, match_id, remard_id
      )
    values (#{id,jdbcType=INTEGER}, #{matchId,jdbcType=VARCHAR}, #{remardId,jdbcType=VARCHAR}
      )
  </insert>
  <insert id="insertSelective" parameterType="xsl.erp.pojo.XslMatchReward">
    insert into xsl_match_reward
    <trim prefix="(" suffix=")" suffixOverrides=",">
      <if test="id != null">
        Id,
      </if>
      <if test="matchId != null">
        match_id,
      </if>
      <if test="remardId != null">
        remard_id,
      </if>
    </trim>
    <trim prefix="values (" suffix=")" suffixOverrides=",">
      <if test="id != null">
        #{id,jdbcType=INTEGER},
      </if>
      <if test="matchId != null">
        #{matchId,jdbcType=VARCHAR},
      </if>
      <if test="remardId != null">
        #{remardId,jdbcType=VARCHAR},
      </if>
    </trim>
  </insert>
  <select id="countByExample" parameterType="xsl.erp.pojo.XslMatchRewardExample" resultType="java.lang.Long">
    select count(*) from xsl_match_reward
    <if test="_parameter != null">
      <include refid="Example_Where_Clause" />
    </if>
  </select>
  <update id="updateByExampleSelective" parameterType="map">
    update xsl_match_reward
    <set>
      <if test="record.id != null">
        Id = #{record.id,jdbcType=INTEGER},
      </if>
      <if test="record.matchId != null">
        match_id = #{record.matchId,jdbcType=VARCHAR},
      </if>
      <if test="record.remardId != null">
        remard_id = #{record.remardId,jdbcType=VARCHAR},
      </if>
    </set>
    <if test="_parameter != null">
      <include refid="Update_By_Example_Where_Clause" />
    </if>
  </update>
  <update id="updateByExample" parameterType="map">
    update xsl_match_reward
    set Id = #{record.id,jdbcType=INTEGER},
      match_id = #{record.matchId,jdbcType=VARCHAR},
      remard_id = #{record.remardId,jdbcType=VARCHAR}
    <if test="_parameter != null">
      <include refid="Update_By_Example_Where_Clause" />
    </if>
  </update>
  <update id="updateByPrimaryKeySelective" parameterType="xsl.erp.pojo.XslMatchReward">
    update xsl_match_reward
    <set>
      <if test="matchId != null">
        match_id = #{matchId,jdbcType=VARCHAR},
      </if>
      <if test="remardId != null">
        remard_id = #{remardId,jdbcType=VARCHAR},
      </if>
    </set>
    where Id = #{id,jdbcType=INTEGER}
  </update>
  <update id="updateByPrimaryKey" parameterType="xsl.erp.pojo.XslMatchReward">
    update xsl_match_reward
    set match_id = #{matchId,jdbcType=VARCHAR},
      remard_id = #{remardId,jdbcType=VARCHAR}
    where Id = #{id,jdbcType=INTEGER}
  </update>
</mapper>