<?xml version="1.0" encoding="UTF-8"?>
<!DOCTYPE mapper PUBLIC "-//mybatis.org//DTD Mapper 3.0//EN" "http://mybatis.org/dtd/mybatis-3-mapper.dtd">
<mapper namespace="com.xsl.erp.mapper.XslMasterLevelExperienceMapper">
  <resultMap id="BaseResultMap" type="xsl.erp.pojo.XslMasterLevelExperience">
    <id column="id" jdbcType="INTEGER" property="id" />
    <result column="masterlevelid" jdbcType="VARCHAR" property="masterlevelid" />
    <result column="level" jdbcType="SMALLINT" property="level" />
    <result column="experience" jdbcType="SMALLINT" property="experience" />
    <result column="createDate" jdbcType="DATE" property="createdate" />
    <result column="updateDate" jdbcType="DATE" property="updatedate" />
  </resultMap>
  <sql id="Example_Where_Clause">
    <where>
      <foreach collection="oredCriteria" item="criteria" separator="or">
        <if test="criteria.valid">
          <trim prefix="(" prefixOverrides="and" suffix=")">
            <foreach collection="criteria.criteria" item="criterion">
              <choose>
                <when test="criterion.noValue">
                  and ${criterion.condition}
                </when>
                <when test="criterion.singleValue">
                  and ${criterion.condition} #{criterion.value}
                </when>
                <when test="criterion.betweenValue">
                  and ${criterion.condition} #{criterion.value} and #{criterion.secondValue}
                </when>
                <when test="criterion.listValue">
                  and ${criterion.condition}
                  <foreach close=")" collection="criterion.value" item="listItem" open="(" separator=",">
                    #{listItem}
                  </foreach>
                </when>
              </choose>
            </foreach>
          </trim>
        </if>
      </foreach>
    </where>
  </sql>
  <sql id="Update_By_Example_Where_Clause">
    <where>
      <foreach collection="example.oredCriteria" item="criteria" separator="or">
        <if test="criteria.valid">
          <trim prefix="(" prefixOverrides="and" suffix=")">
            <foreach collection="criteria.criteria" item="criterion">
              <choose>
                <when test="criterion.noValue">
                  and ${criterion.condition}
                </when>
                <when test="criterion.singleValue">
                  and ${criterion.condition} #{criterion.value}
                </when>
                <when test="criterion.betweenValue">
                  and ${criterion.condition} #{criterion.value} and #{criterion.secondValue}
                </when>
                <when test="criterion.listValue">
                  and ${criterion.condition}
                  <foreach close=")" collection="criterion.value" item="listItem" open="(" separator=",">
                    #{listItem}
                  </foreach>
                </when>
              </choose>
            </foreach>
          </trim>
        </if>
      </foreach>
    </where>
  </sql>
  <sql id="Base_Column_List">
    id, masterlevelid, level, experience, createDate, updateDate
  </sql>
  <select id="selectByExample" parameterType="xsl.erp.pojo.XslMasterLevelExperienceExample" resultMap="BaseResultMap">
    select
    <if test="distinct">
      distinct
    </if>
    <include refid="Base_Column_List" />
    from xsl_master_level_experience
    <if test="_parameter != null">
      <include refid="Example_Where_Clause" />
    </if>
    <if test="orderByClause != null">
      order by ${orderByClause}
    </if>
  </select>
  <select id="selectByPrimaryKey" parameterType="java.lang.Integer" resultMap="BaseResultMap">
    select 
    <include refid="Base_Column_List" />
    from xsl_master_level_experience
    where id = #{id,jdbcType=INTEGER}
  </select>
  <delete id="deleteByPrimaryKey" parameterType="java.lang.Integer">
    delete from xsl_master_level_experience
    where id = #{id,jdbcType=INTEGER}
  </delete>
  <delete id="deleteByExample" parameterType="xsl.erp.pojo.XslMasterLevelExperienceExample">
    delete from xsl_master_level_experience
    <if test="_parameter != null">
      <include refid="Example_Where_Clause" />
    </if>
  </delete>
  <insert id="insert" parameterType="xsl.erp.pojo.XslMasterLevelExperience">
    insert into xsl_master_level_experience (id, masterlevelid, level, 
      experience, createDate, updateDate
      )
    values (#{id,jdbcType=INTEGER}, #{masterlevelid,jdbcType=VARCHAR}, #{level,jdbcType=SMALLINT}, 
      #{experience,jdbcType=SMALLINT}, #{createdate,jdbcType=DATE}, #{updatedate,jdbcType=DATE}
      )
  </insert>
  <insert id="insertSelective" parameterType="xsl.erp.pojo.XslMasterLevelExperience">
    insert into xsl_master_level_experience
    <trim prefix="(" suffix=")" suffixOverrides=",">
      <if test="id != null">
        id,
      </if>
      <if test="masterlevelid != null">
        masterlevelid,
      </if>
      <if test="level != null">
        level,
      </if>
      <if test="experience != null">
        experience,
      </if>
      <if test="createdate != null">
        createDate,
      </if>
      <if test="updatedate != null">
        updateDate,
      </if>
    </trim>
    <trim prefix="values (" suffix=")" suffixOverrides=",">
      <if test="id != null">
        #{id,jdbcType=INTEGER},
      </if>
      <if test="masterlevelid != null">
        #{masterlevelid,jdbcType=VARCHAR},
      </if>
      <if test="level != null">
        #{level,jdbcType=SMALLINT},
      </if>
      <if test="experience != null">
        #{experience,jdbcType=SMALLINT},
      </if>
      <if test="createdate != null">
        #{createdate,jdbcType=DATE},
      </if>
      <if test="updatedate != null">
        #{updatedate,jdbcType=DATE},
      </if>
    </trim>
  </insert>
  <select id="countByExample" parameterType="xsl.erp.pojo.XslMasterLevelExperienceExample" resultType="java.lang.Long">
    select count(*) from xsl_master_level_experience
    <if test="_parameter != null">
      <include refid="Example_Where_Clause" />
    </if>
  </select>
  <update id="updateByExampleSelective" parameterType="map">
    update xsl_master_level_experience
    <set>
      <if test="record.id != null">
        id = #{record.id,jdbcType=INTEGER},
      </if>
      <if test="record.masterlevelid != null">
        masterlevelid = #{record.masterlevelid,jdbcType=VARCHAR},
      </if>
      <if test="record.level != null">
        level = #{record.level,jdbcType=SMALLINT},
      </if>
      <if test="record.experience != null">
        experience = #{record.experience,jdbcType=SMALLINT},
      </if>
      <if test="record.createdate != null">
        createDate = #{record.createdate,jdbcType=DATE},
      </if>
      <if test="record.updatedate != null">
        updateDate = #{record.updatedate,jdbcType=DATE},
      </if>
    </set>
    <if test="_parameter != null">
      <include refid="Update_By_Example_Where_Clause" />
    </if>
  </update>
  <update id="updateByExample" parameterType="map">
    update xsl_master_level_experience
    set id = #{record.id,jdbcType=INTEGER},
      masterlevelid = #{record.masterlevelid,jdbcType=VARCHAR},
      level = #{record.level,jdbcType=SMALLINT},
      experience = #{record.experience,jdbcType=SMALLINT},
      createDate = #{record.createdate,jdbcType=DATE},
      updateDate = #{record.updatedate,jdbcType=DATE}
    <if test="_parameter != null">
      <include refid="Update_By_Example_Where_Clause" />
    </if>
  </update>
  <update id="updateByPrimaryKeySelective" parameterType="xsl.erp.pojo.XslMasterLevelExperience">
    update xsl_master_level_experience
    <set>
      <if test="masterlevelid != null">
        masterlevelid = #{masterlevelid,jdbcType=VARCHAR},
      </if>
      <if test="level != null">
        level = #{level,jdbcType=SMALLINT},
      </if>
      <if test="experience != null">
        experience = #{experience,jdbcType=SMALLINT},
      </if>
      <if test="createdate != null">
        createDate = #{createdate,jdbcType=DATE},
      </if>
      <if test="updatedate != null">
        updateDate = #{updatedate,jdbcType=DATE},
      </if>
    </set>
    where id = #{id,jdbcType=INTEGER}
  </update>
  <update id="updateByPrimaryKey" parameterType="xsl.erp.pojo.XslMasterLevelExperience">
    update xsl_master_level_experience
    set masterlevelid = #{masterlevelid,jdbcType=VARCHAR},
      level = #{level,jdbcType=SMALLINT},
      experience = #{experience,jdbcType=SMALLINT},
      createDate = #{createdate,jdbcType=DATE},
      updateDate = #{updatedate,jdbcType=DATE}
    where id = #{id,jdbcType=INTEGER}
  </update>
</mapper>