<?xml version="1.0" encoding="UTF-8"?>
<!DOCTYPE mapper PUBLIC "-//mybatis.org//DTD Mapper 3.0//EN" "http://mybatis.org/dtd/mybatis-3-mapper.dtd">
<mapper namespace="com.xsl.erp.mapper.XslNetworkMapper">
  <resultMap id="BaseResultMap" type="xsl.erp.pojo.XslNetwork">
    <id column="id" jdbcType="INTEGER" property="id" />
    <result column="AId" jdbcType="VARCHAR" property="aid" />
    <result column="APhone" jdbcType="VARCHAR" property="aphone" />
    <result column="BId" jdbcType="VARCHAR" property="bid" />
    <result column="BPhone" jdbcType="VARCHAR" property="bphone" />
    <result column="num" jdbcType="INTEGER" property="num" />
    <result column="firstDate" jdbcType="DATE" property="firstdate" />
    <result column="lastDate" jdbcType="DATE" property="lastdate" />
  </resultMap>
  <sql id="Example_Where_Clause">
    <where>
      <foreach collection="oredCriteria" item="criteria" separator="or">
        <if test="criteria.valid">
          <trim prefix="(" prefixOverrides="and" suffix=")">
            <foreach collection="criteria.criteria" item="criterion">
              <choose>
                <when test="criterion.noValue">
                  and ${criterion.condition}
                </when>
                <when test="criterion.singleValue">
                  and ${criterion.condition} #{criterion.value}
                </when>
                <when test="criterion.betweenValue">
                  and ${criterion.condition} #{criterion.value} and #{criterion.secondValue}
                </when>
                <when test="criterion.listValue">
                  and ${criterion.condition}
                  <foreach close=")" collection="criterion.value" item="listItem" open="(" separator=",">
                    #{listItem}
                  </foreach>
                </when>
              </choose>
            </foreach>
          </trim>
        </if>
      </foreach>
    </where>
  </sql>
  <sql id="Update_By_Example_Where_Clause">
    <where>
      <foreach collection="example.oredCriteria" item="criteria" separator="or">
        <if test="criteria.valid">
          <trim prefix="(" prefixOverrides="and" suffix=")">
            <foreach collection="criteria.criteria" item="criterion">
              <choose>
                <when test="criterion.noValue">
                  and ${criterion.condition}
                </when>
                <when test="criterion.singleValue">
                  and ${criterion.condition} #{criterion.value}
                </when>
                <when test="criterion.betweenValue">
                  and ${criterion.condition} #{criterion.value} and #{criterion.secondValue}
                </when>
                <when test="criterion.listValue">
                  and ${criterion.condition}
                  <foreach close=")" collection="criterion.value" item="listItem" open="(" separator=",">
                    #{listItem}
                  </foreach>
                </when>
              </choose>
            </foreach>
          </trim>
        </if>
      </foreach>
    </where>
  </sql>
  <sql id="Base_Column_List">
    id, AId, APhone, BId, BPhone, num, firstDate, lastDate
  </sql>
  <select id="selectByExample" parameterType="xsl.erp.pojo.XslNetworkExample" resultMap="BaseResultMap">
    select
    <if test="distinct">
      distinct
    </if>
    <include refid="Base_Column_List" />
    from xsl_network
    <if test="_parameter != null">
      <include refid="Example_Where_Clause" />
    </if>
    <if test="orderByClause != null">
      order by ${orderByClause}
    </if>
  </select>
  <select id="selectByPrimaryKey" parameterType="java.lang.Integer" resultMap="BaseResultMap">
    select 
    <include refid="Base_Column_List" />
    from xsl_network
    where id = #{id,jdbcType=INTEGER}
  </select>
  <delete id="deleteByPrimaryKey" parameterType="java.lang.Integer">
    delete from xsl_network
    where id = #{id,jdbcType=INTEGER}
  </delete>
  <delete id="deleteByExample" parameterType="xsl.erp.pojo.XslNetworkExample">
    delete from xsl_network
    <if test="_parameter != null">
      <include refid="Example_Where_Clause" />
    </if>
  </delete>
  <insert id="insert" parameterType="xsl.erp.pojo.XslNetwork">
    insert into xsl_network (id, AId, APhone, 
      BId, BPhone, num, firstDate, 
      lastDate)
    values (#{id,jdbcType=INTEGER}, #{aid,jdbcType=VARCHAR}, #{aphone,jdbcType=VARCHAR}, 
      #{bid,jdbcType=VARCHAR}, #{bphone,jdbcType=VARCHAR}, #{num,jdbcType=INTEGER}, #{firstdate,jdbcType=DATE}, 
      #{lastdate,jdbcType=DATE})
  </insert>
  <insert id="insertSelective" parameterType="xsl.erp.pojo.XslNetwork">
    insert into xsl_network
    <trim prefix="(" suffix=")" suffixOverrides=",">
      <if test="id != null">
        id,
      </if>
      <if test="aid != null">
        AId,
      </if>
      <if test="aphone != null">
        APhone,
      </if>
      <if test="bid != null">
        BId,
      </if>
      <if test="bphone != null">
        BPhone,
      </if>
      <if test="num != null">
        num,
      </if>
      <if test="firstdate != null">
        firstDate,
      </if>
      <if test="lastdate != null">
        lastDate,
      </if>
    </trim>
    <trim prefix="values (" suffix=")" suffixOverrides=",">
      <if test="id != null">
        #{id,jdbcType=INTEGER},
      </if>
      <if test="aid != null">
        #{aid,jdbcType=VARCHAR},
      </if>
      <if test="aphone != null">
        #{aphone,jdbcType=VARCHAR},
      </if>
      <if test="bid != null">
        #{bid,jdbcType=VARCHAR},
      </if>
      <if test="bphone != null">
        #{bphone,jdbcType=VARCHAR},
      </if>
      <if test="num != null">
        #{num,jdbcType=INTEGER},
      </if>
      <if test="firstdate != null">
        #{firstdate,jdbcType=DATE},
      </if>
      <if test="lastdate != null">
        #{lastdate,jdbcType=DATE},
      </if>
    </trim>
  </insert>
  <select id="countByExample" parameterType="xsl.erp.pojo.XslNetworkExample" resultType="java.lang.Long">
    select count(*) from xsl_network
    <if test="_parameter != null">
      <include refid="Example_Where_Clause" />
    </if>
  </select>
  <update id="updateByExampleSelective" parameterType="map">
    update xsl_network
    <set>
      <if test="record.id != null">
        id = #{record.id,jdbcType=INTEGER},
      </if>
      <if test="record.aid != null">
        AId = #{record.aid,jdbcType=VARCHAR},
      </if>
      <if test="record.aphone != null">
        APhone = #{record.aphone,jdbcType=VARCHAR},
      </if>
      <if test="record.bid != null">
        BId = #{record.bid,jdbcType=VARCHAR},
      </if>
      <if test="record.bphone != null">
        BPhone = #{record.bphone,jdbcType=VARCHAR},
      </if>
      <if test="record.num != null">
        num = #{record.num,jdbcType=INTEGER},
      </if>
      <if test="record.firstdate != null">
        firstDate = #{record.firstdate,jdbcType=DATE},
      </if>
      <if test="record.lastdate != null">
        lastDate = #{record.lastdate,jdbcType=DATE},
      </if>
    </set>
    <if test="_parameter != null">
      <include refid="Update_By_Example_Where_Clause" />
    </if>
  </update>
  <update id="updateByExample" parameterType="map">
    update xsl_network
    set id = #{record.id,jdbcType=INTEGER},
      AId = #{record.aid,jdbcType=VARCHAR},
      APhone = #{record.aphone,jdbcType=VARCHAR},
      BId = #{record.bid,jdbcType=VARCHAR},
      BPhone = #{record.bphone,jdbcType=VARCHAR},
      num = #{record.num,jdbcType=INTEGER},
      firstDate = #{record.firstdate,jdbcType=DATE},
      lastDate = #{record.lastdate,jdbcType=DATE}
    <if test="_parameter != null">
      <include refid="Update_By_Example_Where_Clause" />
    </if>
  </update>
  <update id="updateByPrimaryKeySelective" parameterType="xsl.erp.pojo.XslNetwork">
    update xsl_network
    <set>
      <if test="aid != null">
        AId = #{aid,jdbcType=VARCHAR},
      </if>
      <if test="aphone != null">
        APhone = #{aphone,jdbcType=VARCHAR},
      </if>
      <if test="bid != null">
        BId = #{bid,jdbcType=VARCHAR},
      </if>
      <if test="bphone != null">
        BPhone = #{bphone,jdbcType=VARCHAR},
      </if>
      <if test="num != null">
        num = #{num,jdbcType=INTEGER},
      </if>
      <if test="firstdate != null">
        firstDate = #{firstdate,jdbcType=DATE},
      </if>
      <if test="lastdate != null">
        lastDate = #{lastdate,jdbcType=DATE},
      </if>
    </set>
    where id = #{id,jdbcType=INTEGER}
  </update>
  <update id="updateByPrimaryKey" parameterType="xsl.erp.pojo.XslNetwork">
    update xsl_network
    set AId = #{aid,jdbcType=VARCHAR},
      APhone = #{aphone,jdbcType=VARCHAR},
      BId = #{bid,jdbcType=VARCHAR},
      BPhone = #{bphone,jdbcType=VARCHAR},
      num = #{num,jdbcType=INTEGER},
      firstDate = #{firstdate,jdbcType=DATE},
      lastDate = #{lastdate,jdbcType=DATE}
    where id = #{id,jdbcType=INTEGER}
  </update>
</mapper>