<?xml version="1.0" encoding="UTF-8"?>
<!DOCTYPE mapper PUBLIC "-//mybatis.org//DTD Mapper 3.0//EN" "http://mybatis.org/dtd/mybatis-3-mapper.dtd">
<mapper namespace="com.xsl.erp.mapper.XslRewardRankMapper">
  <resultMap id="BaseResultMap" type="xsl.erp.pojo.XslRewardRank">
    <id column="Id" jdbcType="INTEGER" property="id" />
    <result column="reward_rank_id" jdbcType="VARCHAR" property="rewardRankId" />
    <result column="reward_rank_name" jdbcType="VARCHAR" property="rewardRankName" />
    <result column="reward_rank_info" jdbcType="VARCHAR" property="rewardRankInfo" />
  </resultMap>
  <sql id="Example_Where_Clause">
    <where>
      <foreach collection="oredCriteria" item="criteria" separator="or">
        <if test="criteria.valid">
          <trim prefix="(" prefixOverrides="and" suffix=")">
            <foreach collection="criteria.criteria" item="criterion">
              <choose>
                <when test="criterion.noValue">
                  and ${criterion.condition}
                </when>
                <when test="criterion.singleValue">
                  and ${criterion.condition} #{criterion.value}
                </when>
                <when test="criterion.betweenValue">
                  and ${criterion.condition} #{criterion.value} and #{criterion.secondValue}
                </when>
                <when test="criterion.listValue">
                  and ${criterion.condition}
                  <foreach close=")" collection="criterion.value" item="listItem" open="(" separator=",">
                    #{listItem}
                  </foreach>
                </when>
              </choose>
            </foreach>
          </trim>
        </if>
      </foreach>
    </where>
  </sql>
  <sql id="Update_By_Example_Where_Clause">
    <where>
      <foreach collection="example.oredCriteria" item="criteria" separator="or">
        <if test="criteria.valid">
          <trim prefix="(" prefixOverrides="and" suffix=")">
            <foreach collection="criteria.criteria" item="criterion">
              <choose>
                <when test="criterion.noValue">
                  and ${criterion.condition}
                </when>
                <when test="criterion.singleValue">
                  and ${criterion.condition} #{criterion.value}
                </when>
                <when test="criterion.betweenValue">
                  and ${criterion.condition} #{criterion.value} and #{criterion.secondValue}
                </when>
                <when test="criterion.listValue">
                  and ${criterion.condition}
                  <foreach close=")" collection="criterion.value" item="listItem" open="(" separator=",">
                    #{listItem}
                  </foreach>
                </when>
              </choose>
            </foreach>
          </trim>
        </if>
      </foreach>
    </where>
  </sql>
  <sql id="Base_Column_List">
    Id, reward_rank_id, reward_rank_name, reward_rank_info
  </sql>
  <select id="selectByExample" parameterType="xsl.erp.pojo.XslRewardRankExample" resultMap="BaseResultMap">
    select
    <if test="distinct">
      distinct
    </if>
    <include refid="Base_Column_List" />
    from xsl_reward_rank
    <if test="_parameter != null">
      <include refid="Example_Where_Clause" />
    </if>
    <if test="orderByClause != null">
      order by ${orderByClause}
    </if>
  </select>
  <select id="selectByPrimaryKey" parameterType="java.lang.Integer" resultMap="BaseResultMap">
    select 
    <include refid="Base_Column_List" />
    from xsl_reward_rank
    where Id = #{id,jdbcType=INTEGER}
  </select>
  <delete id="deleteByPrimaryKey" parameterType="java.lang.Integer">
    delete from xsl_reward_rank
    where Id = #{id,jdbcType=INTEGER}
  </delete>
  <delete id="deleteByExample" parameterType="xsl.erp.pojo.XslRewardRankExample">
    delete from xsl_reward_rank
    <if test="_parameter != null">
      <include refid="Example_Where_Clause" />
    </if>
  </delete>
  <insert id="insert" parameterType="xsl.erp.pojo.XslRewardRank">
    insert into xsl_reward_rank (Id, reward_rank_id, reward_rank_name, 
      reward_rank_info)
    values (#{id,jdbcType=INTEGER}, #{rewardRankId,jdbcType=VARCHAR}, #{rewardRankName,jdbcType=VARCHAR}, 
      #{rewardRankInfo,jdbcType=VARCHAR})
  </insert>
  <insert id="insertSelective" parameterType="xsl.erp.pojo.XslRewardRank">
    insert into xsl_reward_rank
    <trim prefix="(" suffix=")" suffixOverrides=",">
      <if test="id != null">
        Id,
      </if>
      <if test="rewardRankId != null">
        reward_rank_id,
      </if>
      <if test="rewardRankName != null">
        reward_rank_name,
      </if>
      <if test="rewardRankInfo != null">
        reward_rank_info,
      </if>
    </trim>
    <trim prefix="values (" suffix=")" suffixOverrides=",">
      <if test="id != null">
        #{id,jdbcType=INTEGER},
      </if>
      <if test="rewardRankId != null">
        #{rewardRankId,jdbcType=VARCHAR},
      </if>
      <if test="rewardRankName != null">
        #{rewardRankName,jdbcType=VARCHAR},
      </if>
      <if test="rewardRankInfo != null">
        #{rewardRankInfo,jdbcType=VARCHAR},
      </if>
    </trim>
  </insert>
  <select id="countByExample" parameterType="xsl.erp.pojo.XslRewardRankExample" resultType="java.lang.Long">
    select count(*) from xsl_reward_rank
    <if test="_parameter != null">
      <include refid="Example_Where_Clause" />
    </if>
  </select>
  <update id="updateByExampleSelective" parameterType="map">
    update xsl_reward_rank
    <set>
      <if test="record.id != null">
        Id = #{record.id,jdbcType=INTEGER},
      </if>
      <if test="record.rewardRankId != null">
        reward_rank_id = #{record.rewardRankId,jdbcType=VARCHAR},
      </if>
      <if test="record.rewardRankName != null">
        reward_rank_name = #{record.rewardRankName,jdbcType=VARCHAR},
      </if>
      <if test="record.rewardRankInfo != null">
        reward_rank_info = #{record.rewardRankInfo,jdbcType=VARCHAR},
      </if>
    </set>
    <if test="_parameter != null">
      <include refid="Update_By_Example_Where_Clause" />
    </if>
  </update>
  <update id="updateByExample" parameterType="map">
    update xsl_reward_rank
    set Id = #{record.id,jdbcType=INTEGER},
      reward_rank_id = #{record.rewardRankId,jdbcType=VARCHAR},
      reward_rank_name = #{record.rewardRankName,jdbcType=VARCHAR},
      reward_rank_info = #{record.rewardRankInfo,jdbcType=VARCHAR}
    <if test="_parameter != null">
      <include refid="Update_By_Example_Where_Clause" />
    </if>
  </update>
  <update id="updateByPrimaryKeySelective" parameterType="xsl.erp.pojo.XslRewardRank">
    update xsl_reward_rank
    <set>
      <if test="rewardRankId != null">
        reward_rank_id = #{rewardRankId,jdbcType=VARCHAR},
      </if>
      <if test="rewardRankName != null">
        reward_rank_name = #{rewardRankName,jdbcType=VARCHAR},
      </if>
      <if test="rewardRankInfo != null">
        reward_rank_info = #{rewardRankInfo,jdbcType=VARCHAR},
      </if>
    </set>
    where Id = #{id,jdbcType=INTEGER}
  </update>
  <update id="updateByPrimaryKey" parameterType="xsl.erp.pojo.XslRewardRank">
    update xsl_reward_rank
    set reward_rank_id = #{rewardRankId,jdbcType=VARCHAR},
      reward_rank_name = #{rewardRankName,jdbcType=VARCHAR},
      reward_rank_info = #{rewardRankInfo,jdbcType=VARCHAR}
    where Id = #{id,jdbcType=INTEGER}
  </update>
</mapper>