<?xml version="1.0" encoding="UTF-8"?>
<!DOCTYPE mapper PUBLIC "-//mybatis.org//DTD Mapper 3.0//EN" "http://mybatis.org/dtd/mybatis-3-mapper.dtd">
<mapper namespace="com.xsl.erp.mapper.XslRewardMapper">
  <resultMap id="BaseResultMap" type="xsl.erp.pojo.XslReward">
    <id column="Id" jdbcType="INTEGER" property="id" />
    <result column="reward_id" jdbcType="VARCHAR" property="rewardId" />
    <result column="reward_rank_id" jdbcType="VARCHAR" property="rewardRankId" />
    <result column="reward_content" jdbcType="VARCHAR" property="rewardContent" />
    <result column="content_quota" jdbcType="INTEGER" property="contentQuota" />
  </resultMap>
  <sql id="Example_Where_Clause">
    <where>
      <foreach collection="oredCriteria" item="criteria" separator="or">
        <if test="criteria.valid">
          <trim prefix="(" prefixOverrides="and" suffix=")">
            <foreach collection="criteria.criteria" item="criterion">
              <choose>
                <when test="criterion.noValue">
                  and ${criterion.condition}
                </when>
                <when test="criterion.singleValue">
                  and ${criterion.condition} #{criterion.value}
                </when>
                <when test="criterion.betweenValue">
                  and ${criterion.condition} #{criterion.value} and #{criterion.secondValue}
                </when>
                <when test="criterion.listValue">
                  and ${criterion.condition}
                  <foreach close=")" collection="criterion.value" item="listItem" open="(" separator=",">
                    #{listItem}
                  </foreach>
                </when>
              </choose>
            </foreach>
          </trim>
        </if>
      </foreach>
    </where>
  </sql>
  <sql id="Update_By_Example_Where_Clause">
    <where>
      <foreach collection="example.oredCriteria" item="criteria" separator="or">
        <if test="criteria.valid">
          <trim prefix="(" prefixOverrides="and" suffix=")">
            <foreach collection="criteria.criteria" item="criterion">
              <choose>
                <when test="criterion.noValue">
                  and ${criterion.condition}
                </when>
                <when test="criterion.singleValue">
                  and ${criterion.condition} #{criterion.value}
                </when>
                <when test="criterion.betweenValue">
                  and ${criterion.condition} #{criterion.value} and #{criterion.secondValue}
                </when>
                <when test="criterion.listValue">
                  and ${criterion.condition}
                  <foreach close=")" collection="criterion.value" item="listItem" open="(" separator=",">
                    #{listItem}
                  </foreach>
                </when>
              </choose>
            </foreach>
          </trim>
        </if>
      </foreach>
    </where>
  </sql>
  <sql id="Base_Column_List">
    Id, reward_id, reward_rank_id, reward_content, content_quota
  </sql>
  <select id="selectByExample" parameterType="xsl.erp.pojo.XslRewardExample" resultMap="BaseResultMap">
    select
    <if test="distinct">
      distinct
    </if>
    <include refid="Base_Column_List" />
    from xsl_reward
    <if test="_parameter != null">
      <include refid="Example_Where_Clause" />
    </if>
    <if test="orderByClause != null">
      order by ${orderByClause}
    </if>
  </select>
  <select id="selectByPrimaryKey" parameterType="java.lang.Integer" resultMap="BaseResultMap">
    select 
    <include refid="Base_Column_List" />
    from xsl_reward
    where Id = #{id,jdbcType=INTEGER}
  </select>
  <delete id="deleteByPrimaryKey" parameterType="java.lang.Integer">
    delete from xsl_reward
    where Id = #{id,jdbcType=INTEGER}
  </delete>
  <delete id="deleteByExample" parameterType="xsl.erp.pojo.XslRewardExample">
    delete from xsl_reward
    <if test="_parameter != null">
      <include refid="Example_Where_Clause" />
    </if>
  </delete>
  <insert id="insert" parameterType="xsl.erp.pojo.XslReward">
    insert into xsl_reward (Id, reward_id, reward_rank_id, 
      reward_content, content_quota)
    values (#{id,jdbcType=INTEGER}, #{rewardId,jdbcType=VARCHAR}, #{rewardRankId,jdbcType=VARCHAR}, 
      #{rewardContent,jdbcType=VARCHAR}, #{contentQuota,jdbcType=INTEGER})
  </insert>
  <insert id="insertSelective" parameterType="xsl.erp.pojo.XslReward">
    insert into xsl_reward
    <trim prefix="(" suffix=")" suffixOverrides=",">
      <if test="id != null">
        Id,
      </if>
      <if test="rewardId != null">
        reward_id,
      </if>
      <if test="rewardRankId != null">
        reward_rank_id,
      </if>
      <if test="rewardContent != null">
        reward_content,
      </if>
      <if test="contentQuota != null">
        content_quota,
      </if>
    </trim>
    <trim prefix="values (" suffix=")" suffixOverrides=",">
      <if test="id != null">
        #{id,jdbcType=INTEGER},
      </if>
      <if test="rewardId != null">
        #{rewardId,jdbcType=VARCHAR},
      </if>
      <if test="rewardRankId != null">
        #{rewardRankId,jdbcType=VARCHAR},
      </if>
      <if test="rewardContent != null">
        #{rewardContent,jdbcType=VARCHAR},
      </if>
      <if test="contentQuota != null">
        #{contentQuota,jdbcType=INTEGER},
      </if>
    </trim>
  </insert>
  <select id="countByExample" parameterType="xsl.erp.pojo.XslRewardExample" resultType="java.lang.Long">
    select count(*) from xsl_reward
    <if test="_parameter != null">
      <include refid="Example_Where_Clause" />
    </if>
  </select>
  <update id="updateByExampleSelective" parameterType="map">
    update xsl_reward
    <set>
      <if test="record.id != null">
        Id = #{record.id,jdbcType=INTEGER},
      </if>
      <if test="record.rewardId != null">
        reward_id = #{record.rewardId,jdbcType=VARCHAR},
      </if>
      <if test="record.rewardRankId != null">
        reward_rank_id = #{record.rewardRankId,jdbcType=VARCHAR},
      </if>
      <if test="record.rewardContent != null">
        reward_content = #{record.rewardContent,jdbcType=VARCHAR},
      </if>
      <if test="record.contentQuota != null">
        content_quota = #{record.contentQuota,jdbcType=INTEGER},
      </if>
    </set>
    <if test="_parameter != null">
      <include refid="Update_By_Example_Where_Clause" />
    </if>
  </update>
  <update id="updateByExample" parameterType="map">
    update xsl_reward
    set Id = #{record.id,jdbcType=INTEGER},
      reward_id = #{record.rewardId,jdbcType=VARCHAR},
      reward_rank_id = #{record.rewardRankId,jdbcType=VARCHAR},
      reward_content = #{record.rewardContent,jdbcType=VARCHAR},
      content_quota = #{record.contentQuota,jdbcType=INTEGER}
    <if test="_parameter != null">
      <include refid="Update_By_Example_Where_Clause" />
    </if>
  </update>
  <update id="updateByPrimaryKeySelective" parameterType="xsl.erp.pojo.XslReward">
    update xsl_reward
    <set>
      <if test="rewardId != null">
        reward_id = #{rewardId,jdbcType=VARCHAR},
      </if>
      <if test="rewardRankId != null">
        reward_rank_id = #{rewardRankId,jdbcType=VARCHAR},
      </if>
      <if test="rewardContent != null">
        reward_content = #{rewardContent,jdbcType=VARCHAR},
      </if>
      <if test="contentQuota != null">
        content_quota = #{contentQuota,jdbcType=INTEGER},
      </if>
    </set>
    where Id = #{id,jdbcType=INTEGER}
  </update>
  <update id="updateByPrimaryKey" parameterType="xsl.erp.pojo.XslReward">
    update xsl_reward
    set reward_id = #{rewardId,jdbcType=VARCHAR},
      reward_rank_id = #{rewardRankId,jdbcType=VARCHAR},
      reward_content = #{rewardContent,jdbcType=VARCHAR},
      content_quota = #{contentQuota,jdbcType=INTEGER}
    where Id = #{id,jdbcType=INTEGER}
  </update>
</mapper>