<?xml version="1.0" encoding="UTF-8"?>
<!DOCTYPE mapper PUBLIC "-//mybatis.org//DTD Mapper 3.0//EN" "http://mybatis.org/dtd/mybatis-3-mapper.dtd">
<mapper namespace="com.xsl.erp.mapper.XslThrowinglogMapper">
  <resultMap id="BaseResultMap" type="xsl.erp.pojo.XslThrowinglog">
    <id column="id" jdbcType="INTEGER" property="id" />
    <result column="ip" jdbcType="VARCHAR" property="ip" />
    <result column="throwing" jdbcType="VARCHAR" property="throwing" />
    <result column="operationer" jdbcType="VARCHAR" property="operationer" />
    <result column="throwingtime" jdbcType="TIMESTAMP" property="throwingtime" />
    <result column="methodName" jdbcType="VARCHAR" property="methodname" />
  </resultMap>
  <sql id="Example_Where_Clause">
    <where>
      <foreach collection="oredCriteria" item="criteria" separator="or">
        <if test="criteria.valid">
          <trim prefix="(" prefixOverrides="and" suffix=")">
            <foreach collection="criteria.criteria" item="criterion">
              <choose>
                <when test="criterion.noValue">
                  and ${criterion.condition}
                </when>
                <when test="criterion.singleValue">
                  and ${criterion.condition} #{criterion.value}
                </when>
                <when test="criterion.betweenValue">
                  and ${criterion.condition} #{criterion.value} and #{criterion.secondValue}
                </when>
                <when test="criterion.listValue">
                  and ${criterion.condition}
                  <foreach close=")" collection="criterion.value" item="listItem" open="(" separator=",">
                    #{listItem}
                  </foreach>
                </when>
              </choose>
            </foreach>
          </trim>
        </if>
      </foreach>
    </where>
  </sql>
  <sql id="Update_By_Example_Where_Clause">
    <where>
      <foreach collection="example.oredCriteria" item="criteria" separator="or">
        <if test="criteria.valid">
          <trim prefix="(" prefixOverrides="and" suffix=")">
            <foreach collection="criteria.criteria" item="criterion">
              <choose>
                <when test="criterion.noValue">
                  and ${criterion.condition}
                </when>
                <when test="criterion.singleValue">
                  and ${criterion.condition} #{criterion.value}
                </when>
                <when test="criterion.betweenValue">
                  and ${criterion.condition} #{criterion.value} and #{criterion.secondValue}
                </when>
                <when test="criterion.listValue">
                  and ${criterion.condition}
                  <foreach close=")" collection="criterion.value" item="listItem" open="(" separator=",">
                    #{listItem}
                  </foreach>
                </when>
              </choose>
            </foreach>
          </trim>
        </if>
      </foreach>
    </where>
  </sql>
  <sql id="Base_Column_List">
    id, ip, throwing, operationer, throwingtime, methodName
  </sql>
  <select id="selectByExample" parameterType="xsl.erp.pojo.XslThrowinglogExample" resultMap="BaseResultMap">
    select
    <if test="distinct">
      distinct
    </if>
    <include refid="Base_Column_List" />
    from xsl_throwinglog
    <if test="_parameter != null">
      <include refid="Example_Where_Clause" />
    </if>
    <if test="orderByClause != null">
      order by ${orderByClause}
    </if>
  </select>
  <select id="selectByPrimaryKey" parameterType="java.lang.Integer" resultMap="BaseResultMap">
    select 
    <include refid="Base_Column_List" />
    from xsl_throwinglog
    where id = #{id,jdbcType=INTEGER}
  </select>
  <delete id="deleteByPrimaryKey" parameterType="java.lang.Integer">
    delete from xsl_throwinglog
    where id = #{id,jdbcType=INTEGER}
  </delete>
  <delete id="deleteByExample" parameterType="xsl.erp.pojo.XslThrowinglogExample">
    delete from xsl_throwinglog
    <if test="_parameter != null">
      <include refid="Example_Where_Clause" />
    </if>
  </delete>
  <insert id="insert" parameterType="xsl.erp.pojo.XslThrowinglog">
    insert into xsl_throwinglog (id, ip, throwing, 
      operationer, throwingtime, methodName
      )
    values (#{id,jdbcType=INTEGER}, #{ip,jdbcType=VARCHAR}, #{throwing,jdbcType=VARCHAR}, 
      #{operationer,jdbcType=VARCHAR}, #{throwingtime,jdbcType=TIMESTAMP}, #{methodname,jdbcType=VARCHAR}
      )
  </insert>
  <insert id="insertSelective" parameterType="xsl.erp.pojo.XslThrowinglog">
    insert into xsl_throwinglog
    <trim prefix="(" suffix=")" suffixOverrides=",">
      <if test="id != null">
        id,
      </if>
      <if test="ip != null">
        ip,
      </if>
      <if test="throwing != null">
        throwing,
      </if>
      <if test="operationer != null">
        operationer,
      </if>
      <if test="throwingtime != null">
        throwingtime,
      </if>
      <if test="methodname != null">
        methodName,
      </if>
    </trim>
    <trim prefix="values (" suffix=")" suffixOverrides=",">
      <if test="id != null">
        #{id,jdbcType=INTEGER},
      </if>
      <if test="ip != null">
        #{ip,jdbcType=VARCHAR},
      </if>
      <if test="throwing != null">
        #{throwing,jdbcType=VARCHAR},
      </if>
      <if test="operationer != null">
        #{operationer,jdbcType=VARCHAR},
      </if>
      <if test="throwingtime != null">
        #{throwingtime,jdbcType=TIMESTAMP},
      </if>
      <if test="methodname != null">
        #{methodname,jdbcType=VARCHAR},
      </if>
    </trim>
  </insert>
  <select id="countByExample" parameterType="xsl.erp.pojo.XslThrowinglogExample" resultType="java.lang.Long">
    select count(*) from xsl_throwinglog
    <if test="_parameter != null">
      <include refid="Example_Where_Clause" />
    </if>
  </select>
  <update id="updateByExampleSelective" parameterType="map">
    update xsl_throwinglog
    <set>
      <if test="record.id != null">
        id = #{record.id,jdbcType=INTEGER},
      </if>
      <if test="record.ip != null">
        ip = #{record.ip,jdbcType=VARCHAR},
      </if>
      <if test="record.throwing != null">
        throwing = #{record.throwing,jdbcType=VARCHAR},
      </if>
      <if test="record.operationer != null">
        operationer = #{record.operationer,jdbcType=VARCHAR},
      </if>
      <if test="record.throwingtime != null">
        throwingtime = #{record.throwingtime,jdbcType=TIMESTAMP},
      </if>
      <if test="record.methodname != null">
        methodName = #{record.methodname,jdbcType=VARCHAR},
      </if>
    </set>
    <if test="_parameter != null">
      <include refid="Update_By_Example_Where_Clause" />
    </if>
  </update>
  <update id="updateByExample" parameterType="map">
    update xsl_throwinglog
    set id = #{record.id,jdbcType=INTEGER},
      ip = #{record.ip,jdbcType=VARCHAR},
      throwing = #{record.throwing,jdbcType=VARCHAR},
      operationer = #{record.operationer,jdbcType=VARCHAR},
      throwingtime = #{record.throwingtime,jdbcType=TIMESTAMP},
      methodName = #{record.methodname,jdbcType=VARCHAR}
    <if test="_parameter != null">
      <include refid="Update_By_Example_Where_Clause" />
    </if>
  </update>
  <update id="updateByPrimaryKeySelective" parameterType="xsl.erp.pojo.XslThrowinglog">
    update xsl_throwinglog
    <set>
      <if test="ip != null">
        ip = #{ip,jdbcType=VARCHAR},
      </if>
      <if test="throwing != null">
        throwing = #{throwing,jdbcType=VARCHAR},
      </if>
      <if test="operationer != null">
        operationer = #{operationer,jdbcType=VARCHAR},
      </if>
      <if test="throwingtime != null">
        throwingtime = #{throwingtime,jdbcType=TIMESTAMP},
      </if>
      <if test="methodname != null">
        methodName = #{methodname,jdbcType=VARCHAR},
      </if>
    </set>
    where id = #{id,jdbcType=INTEGER}
  </update>
  <update id="updateByPrimaryKey" parameterType="xsl.erp.pojo.XslThrowinglog">
    update xsl_throwinglog
    set ip = #{ip,jdbcType=VARCHAR},
      throwing = #{throwing,jdbcType=VARCHAR},
      operationer = #{operationer,jdbcType=VARCHAR},
      throwingtime = #{throwingtime,jdbcType=TIMESTAMP},
      methodName = #{methodname,jdbcType=VARCHAR}
    where id = #{id,jdbcType=INTEGER}
  </update>
</mapper>