<?xml version="1.0" encoding="UTF-8"?>
<!DOCTYPE mapper PUBLIC "-//mybatis.org//DTD Mapper 3.0//EN" "http://mybatis.org/dtd/mybatis-3-mapper.dtd">
<mapper namespace="com.xsl.erp.mapper.XslTaskMapper">
  <resultMap id="BaseResultMap" type="xsl.erp.pojo.XslTask">
    <id column="id" jdbcType="INTEGER" property="id" />
    <result column="cid" jdbcType="INTEGER" property="cid" />
    <result column="taskId" jdbcType="VARCHAR" property="taskid" />
    <result column="taskTitle" jdbcType="VARCHAR" property="tasktitle" />
    <result column="content" jdbcType="VARCHAR" property="content" />
    <result column="money" jdbcType="DECIMAL" property="money" />
    <result column="sendId" jdbcType="VARCHAR" property="sendid" />
    <result column="state" jdbcType="TINYINT" property="state" />
    <result column="createDate" jdbcType="TIMESTAMP" property="createdate" />
    <result column="updateDate" jdbcType="TIMESTAMP" property="updatedate" />
    <result column="deadline" jdbcType="TIMESTAMP" property="deadline" />
    <result column="sourceType" jdbcType="VARCHAR" property="sourcetype" />
  </resultMap>
  <sql id="Example_Where_Clause">
    <where>
      <foreach collection="oredCriteria" item="criteria" separator="or">
        <if test="criteria.valid">
          <trim prefix="(" prefixOverrides="and" suffix=")">
            <foreach collection="criteria.criteria" item="criterion">
              <choose>
                <when test="criterion.noValue">
                  and ${criterion.condition}
                </when>
                <when test="criterion.singleValue">
                  and ${criterion.condition} #{criterion.value}
                </when>
                <when test="criterion.betweenValue">
                  and ${criterion.condition} #{criterion.value} and #{criterion.secondValue}
                </when>
                <when test="criterion.listValue">
                  and ${criterion.condition}
                  <foreach close=")" collection="criterion.value" item="listItem" open="(" separator=",">
                    #{listItem}
                  </foreach>
                </when>
              </choose>
            </foreach>
          </trim>
        </if>
      </foreach>
    </where>
  </sql>
  <sql id="Update_By_Example_Where_Clause">
    <where>
      <foreach collection="example.oredCriteria" item="criteria" separator="or">
        <if test="criteria.valid">
          <trim prefix="(" prefixOverrides="and" suffix=")">
            <foreach collection="criteria.criteria" item="criterion">
              <choose>
                <when test="criterion.noValue">
                  and ${criterion.condition}
                </when>
                <when test="criterion.singleValue">
                  and ${criterion.condition} #{criterion.value}
                </when>
                <when test="criterion.betweenValue">
                  and ${criterion.condition} #{criterion.value} and #{criterion.secondValue}
                </when>
                <when test="criterion.listValue">
                  and ${criterion.condition}
                  <foreach close=")" collection="criterion.value" item="listItem" open="(" separator=",">
                    #{listItem}
                  </foreach>
                </when>
              </choose>
            </foreach>
          </trim>
        </if>
      </foreach>
    </where>
  </sql>
  <sql id="Base_Column_List">
    id, cid, taskId, taskTitle, content, money, sendId, state, createDate, updateDate, 
    deadline, sourceType
  </sql>
  <select id="selectByExample" parameterType="xsl.erp.pojo.XslTaskExample" resultMap="BaseResultMap">
    select
    <if test="distinct">
      distinct
    </if>
    <include refid="Base_Column_List" />
    from xsl_task
    <if test="_parameter != null">
      <include refid="Example_Where_Clause" />
    </if>
    <if test="orderByClause != null">
      order by ${orderByClause}
    </if>
  </select>
  <select id="selectByPrimaryKey" parameterType="java.lang.Integer" resultMap="BaseResultMap">
    select 
    <include refid="Base_Column_List" />
    from xsl_task
    where id = #{id,jdbcType=INTEGER}
  </select>
  <delete id="deleteByPrimaryKey" parameterType="java.lang.Integer">
    delete from xsl_task
    where id = #{id,jdbcType=INTEGER}
  </delete>
  <delete id="deleteByExample" parameterType="xsl.erp.pojo.XslTaskExample">
    delete from xsl_task
    <if test="_parameter != null">
      <include refid="Example_Where_Clause" />
    </if>
  </delete>
  <insert id="insert" parameterType="xsl.erp.pojo.XslTask">
    insert into xsl_task (id, cid, taskId, 
      taskTitle, content, money, 
      sendId, state, createDate, 
      updateDate, deadline, sourceType
      )
    values (#{id,jdbcType=INTEGER}, #{cid,jdbcType=INTEGER}, #{taskid,jdbcType=VARCHAR}, 
      #{tasktitle,jdbcType=VARCHAR}, #{content,jdbcType=VARCHAR}, #{money,jdbcType=DECIMAL}, 
      #{sendid,jdbcType=VARCHAR}, #{state,jdbcType=TINYINT}, #{createdate,jdbcType=TIMESTAMP}, 
      #{updatedate,jdbcType=TIMESTAMP}, #{deadline,jdbcType=TIMESTAMP}, #{sourcetype,jdbcType=VARCHAR}
      )
  </insert>
  <insert id="insertSelective" parameterType="xsl.erp.pojo.XslTask">
    insert into xsl_task
    <trim prefix="(" suffix=")" suffixOverrides=",">
      <if test="id != null">
        id,
      </if>
      <if test="cid != null">
        cid,
      </if>
      <if test="taskid != null">
        taskId,
      </if>
      <if test="tasktitle != null">
        taskTitle,
      </if>
      <if test="content != null">
        content,
      </if>
      <if test="money != null">
        money,
      </if>
      <if test="sendid != null">
        sendId,
      </if>
      <if test="state != null">
        state,
      </if>
      <if test="createdate != null">
        createDate,
      </if>
      <if test="updatedate != null">
        updateDate,
      </if>
      <if test="deadline != null">
        deadline,
      </if>
      <if test="sourcetype != null">
        sourceType,
      </if>
    </trim>
    <trim prefix="values (" suffix=")" suffixOverrides=",">
      <if test="id != null">
        #{id,jdbcType=INTEGER},
      </if>
      <if test="cid != null">
        #{cid,jdbcType=INTEGER},
      </if>
      <if test="taskid != null">
        #{taskid,jdbcType=VARCHAR},
      </if>
      <if test="tasktitle != null">
        #{tasktitle,jdbcType=VARCHAR},
      </if>
      <if test="content != null">
        #{content,jdbcType=VARCHAR},
      </if>
      <if test="money != null">
        #{money,jdbcType=DECIMAL},
      </if>
      <if test="sendid != null">
        #{sendid,jdbcType=VARCHAR},
      </if>
      <if test="state != null">
        #{state,jdbcType=TINYINT},
      </if>
      <if test="createdate != null">
        #{createdate,jdbcType=TIMESTAMP},
      </if>
      <if test="updatedate != null">
        #{updatedate,jdbcType=TIMESTAMP},
      </if>
      <if test="deadline != null">
        #{deadline,jdbcType=TIMESTAMP},
      </if>
      <if test="sourcetype != null">
        #{sourcetype,jdbcType=VARCHAR},
      </if>
    </trim>
  </insert>
  <select id="countByExample" parameterType="xsl.erp.pojo.XslTaskExample" resultType="java.lang.Long">
    select count(*) from xsl_task
    <if test="_parameter != null">
      <include refid="Example_Where_Clause" />
    </if>
  </select>
  <update id="updateByExampleSelective" parameterType="map">
    update xsl_task
    <set>
      <if test="record.id != null">
        id = #{record.id,jdbcType=INTEGER},
      </if>
      <if test="record.cid != null">
        cid = #{record.cid,jdbcType=INTEGER},
      </if>
      <if test="record.taskid != null">
        taskId = #{record.taskid,jdbcType=VARCHAR},
      </if>
      <if test="record.tasktitle != null">
        taskTitle = #{record.tasktitle,jdbcType=VARCHAR},
      </if>
      <if test="record.content != null">
        content = #{record.content,jdbcType=VARCHAR},
      </if>
      <if test="record.money != null">
        money = #{record.money,jdbcType=DECIMAL},
      </if>
      <if test="record.sendid != null">
        sendId = #{record.sendid,jdbcType=VARCHAR},
      </if>
      <if test="record.state != null">
        state = #{record.state,jdbcType=TINYINT},
      </if>
      <if test="record.createdate != null">
        createDate = #{record.createdate,jdbcType=TIMESTAMP},
      </if>
      <if test="record.updatedate != null">
        updateDate = #{record.updatedate,jdbcType=TIMESTAMP},
      </if>
      <if test="record.deadline != null">
        deadline = #{record.deadline,jdbcType=TIMESTAMP},
      </if>
      <if test="record.sourcetype != null">
        sourceType = #{record.sourcetype,jdbcType=VARCHAR},
      </if>
    </set>
    <if test="_parameter != null">
      <include refid="Update_By_Example_Where_Clause" />
    </if>
  </update>
  <update id="updateByExample" parameterType="map">
    update xsl_task
    set id = #{record.id,jdbcType=INTEGER},
      cid = #{record.cid,jdbcType=INTEGER},
      taskId = #{record.taskid,jdbcType=VARCHAR},
      taskTitle = #{record.tasktitle,jdbcType=VARCHAR},
      content = #{record.content,jdbcType=VARCHAR},
      money = #{record.money,jdbcType=DECIMAL},
      sendId = #{record.sendid,jdbcType=VARCHAR},
      state = #{record.state,jdbcType=TINYINT},
      createDate = #{record.createdate,jdbcType=TIMESTAMP},
      updateDate = #{record.updatedate,jdbcType=TIMESTAMP},
      deadline = #{record.deadline,jdbcType=TIMESTAMP},
      sourceType = #{record.sourcetype,jdbcType=VARCHAR}
    <if test="_parameter != null">
      <include refid="Update_By_Example_Where_Clause" />
    </if>
  </update>
  <update id="updateByPrimaryKeySelective" parameterType="xsl.erp.pojo.XslTask">
    update xsl_task
    <set>
      <if test="cid != null">
        cid = #{cid,jdbcType=INTEGER},
      </if>
      <if test="taskid != null">
        taskId = #{taskid,jdbcType=VARCHAR},
      </if>
      <if test="tasktitle != null">
        taskTitle = #{tasktitle,jdbcType=VARCHAR},
      </if>
      <if test="content != null">
        content = #{content,jdbcType=VARCHAR},
      </if>
      <if test="money != null">
        money = #{money,jdbcType=DECIMAL},
      </if>
      <if test="sendid != null">
        sendId = #{sendid,jdbcType=VARCHAR},
      </if>
      <if test="state != null">
        state = #{state,jdbcType=TINYINT},
      </if>
      <if test="createdate != null">
        createDate = #{createdate,jdbcType=TIMESTAMP},
      </if>
      <if test="updatedate != null">
        updateDate = #{updatedate,jdbcType=TIMESTAMP},
      </if>
      <if test="deadline != null">
        deadline = #{deadline,jdbcType=TIMESTAMP},
      </if>
      <if test="sourcetype != null">
        sourceType = #{sourcetype,jdbcType=VARCHAR},
      </if>
    </set>
    where id = #{id,jdbcType=INTEGER}
  </update>
  <update id="updateByPrimaryKey" parameterType="xsl.erp.pojo.XslTask">
    update xsl_task
    set cid = #{cid,jdbcType=INTEGER},
      taskId = #{taskid,jdbcType=VARCHAR},
      taskTitle = #{tasktitle,jdbcType=VARCHAR},
      content = #{content,jdbcType=VARCHAR},
      money = #{money,jdbcType=DECIMAL},
      sendId = #{sendid,jdbcType=VARCHAR},
      state = #{state,jdbcType=TINYINT},
      createDate = #{createdate,jdbcType=TIMESTAMP},
      updateDate = #{updatedate,jdbcType=TIMESTAMP},
      deadline = #{deadline,jdbcType=TIMESTAMP},
      sourceType = #{sourcetype,jdbcType=VARCHAR}
    where id = #{id,jdbcType=INTEGER}
  </update>
</mapper>