<?xml version="1.0" encoding="UTF-8"?>
<!DOCTYPE mapper PUBLIC "-//mybatis.org//DTD Mapper 3.0//EN" "http://mybatis.org/dtd/mybatis-3-mapper.dtd">
<mapper namespace="com.xsl.erp.mapper.XslTagMapper">
  <resultMap id="BaseResultMap" type="xsl.erp.pojo.XslTag">
    <id column="id" jdbcType="INTEGER" property="id" />
    <result column="tagId" jdbcType="VARCHAR" property="tagid" />
    <result column="name" jdbcType="VARCHAR" property="name" />
    <result column="useNum" jdbcType="SMALLINT" property="usenum" />
    <result column="createDate" jdbcType="TIMESTAMP" property="createdate" />
    <result column="state" jdbcType="BIT" property="state" />
  </resultMap>
  <sql id="Example_Where_Clause">
    <where>
      <foreach collection="oredCriteria" item="criteria" separator="or">
        <if test="criteria.valid">
          <trim prefix="(" prefixOverrides="and" suffix=")">
            <foreach collection="criteria.criteria" item="criterion">
              <choose>
                <when test="criterion.noValue">
                  and ${criterion.condition}
                </when>
                <when test="criterion.singleValue">
                  and ${criterion.condition} #{criterion.value}
                </when>
                <when test="criterion.betweenValue">
                  and ${criterion.condition} #{criterion.value} and #{criterion.secondValue}
                </when>
                <when test="criterion.listValue">
                  and ${criterion.condition}
                  <foreach close=")" collection="criterion.value" item="listItem" open="(" separator=",">
                    #{listItem}
                  </foreach>
                </when>
              </choose>
            </foreach>
          </trim>
        </if>
      </foreach>
    </where>
  </sql>
  <sql id="Update_By_Example_Where_Clause">
    <where>
      <foreach collection="example.oredCriteria" item="criteria" separator="or">
        <if test="criteria.valid">
          <trim prefix="(" prefixOverrides="and" suffix=")">
            <foreach collection="criteria.criteria" item="criterion">
              <choose>
                <when test="criterion.noValue">
                  and ${criterion.condition}
                </when>
                <when test="criterion.singleValue">
                  and ${criterion.condition} #{criterion.value}
                </when>
                <when test="criterion.betweenValue">
                  and ${criterion.condition} #{criterion.value} and #{criterion.secondValue}
                </when>
                <when test="criterion.listValue">
                  and ${criterion.condition}
                  <foreach close=")" collection="criterion.value" item="listItem" open="(" separator=",">
                    #{listItem}
                  </foreach>
                </when>
              </choose>
            </foreach>
          </trim>
        </if>
      </foreach>
    </where>
  </sql>
  <sql id="Base_Column_List">
    id, tagId, name, useNum, createDate, state
  </sql>
  <select id="selectByExample" parameterType="xsl.erp.pojo.XslTagExample" resultMap="BaseResultMap">
    select
    <if test="distinct">
      distinct
    </if>
    <include refid="Base_Column_List" />
    from xsl_tag
    <if test="_parameter != null">
      <include refid="Example_Where_Clause" />
    </if>
    <if test="orderByClause != null">
      order by ${orderByClause}
    </if>
  </select>
  <select id="selectByPrimaryKey" parameterType="java.lang.Integer" resultMap="BaseResultMap">
    select 
    <include refid="Base_Column_List" />
    from xsl_tag
    where id = #{id,jdbcType=INTEGER}
  </select>
  <delete id="deleteByPrimaryKey" parameterType="java.lang.Integer">
    delete from xsl_tag
    where id = #{id,jdbcType=INTEGER}
  </delete>
  <delete id="deleteByExample" parameterType="xsl.erp.pojo.XslTagExample">
    delete from xsl_tag
    <if test="_parameter != null">
      <include refid="Example_Where_Clause" />
    </if>
  </delete>
  <insert id="insert" parameterType="xsl.erp.pojo.XslTag">
    insert into xsl_tag (id, tagId, name, 
      useNum, createDate, state
      )
    values (#{id,jdbcType=INTEGER}, #{tagid,jdbcType=VARCHAR}, #{name,jdbcType=VARCHAR}, 
      #{usenum,jdbcType=SMALLINT}, #{createdate,jdbcType=TIMESTAMP}, #{state,jdbcType=BIT}
      )
  </insert>
  <insert id="insertSelective" parameterType="xsl.erp.pojo.XslTag">
    insert into xsl_tag
    <trim prefix="(" suffix=")" suffixOverrides=",">
      <if test="id != null">
        id,
      </if>
      <if test="tagid != null">
        tagId,
      </if>
      <if test="name != null">
        name,
      </if>
      <if test="usenum != null">
        useNum,
      </if>
      <if test="createdate != null">
        createDate,
      </if>
      <if test="state != null">
        state,
      </if>
    </trim>
    <trim prefix="values (" suffix=")" suffixOverrides=",">
      <if test="id != null">
        #{id,jdbcType=INTEGER},
      </if>
      <if test="tagid != null">
        #{tagid,jdbcType=VARCHAR},
      </if>
      <if test="name != null">
        #{name,jdbcType=VARCHAR},
      </if>
      <if test="usenum != null">
        #{usenum,jdbcType=SMALLINT},
      </if>
      <if test="createdate != null">
        #{createdate,jdbcType=TIMESTAMP},
      </if>
      <if test="state != null">
        #{state,jdbcType=BIT},
      </if>
    </trim>
  </insert>
  <select id="countByExample" parameterType="xsl.erp.pojo.XslTagExample" resultType="java.lang.Long">
    select count(*) from xsl_tag
    <if test="_parameter != null">
      <include refid="Example_Where_Clause" />
    </if>
  </select>
  <update id="updateByExampleSelective" parameterType="map">
    update xsl_tag
    <set>
      <if test="record.id != null">
        id = #{record.id,jdbcType=INTEGER},
      </if>
      <if test="record.tagid != null">
        tagId = #{record.tagid,jdbcType=VARCHAR},
      </if>
      <if test="record.name != null">
        name = #{record.name,jdbcType=VARCHAR},
      </if>
      <if test="record.usenum != null">
        useNum = #{record.usenum,jdbcType=SMALLINT},
      </if>
      <if test="record.createdate != null">
        createDate = #{record.createdate,jdbcType=TIMESTAMP},
      </if>
      <if test="record.state != null">
        state = #{record.state,jdbcType=BIT},
      </if>
    </set>
    <if test="_parameter != null">
      <include refid="Update_By_Example_Where_Clause" />
    </if>
  </update>
  <update id="updateByExample" parameterType="map">
    update xsl_tag
    set id = #{record.id,jdbcType=INTEGER},
      tagId = #{record.tagid,jdbcType=VARCHAR},
      name = #{record.name,jdbcType=VARCHAR},
      useNum = #{record.usenum,jdbcType=SMALLINT},
      createDate = #{record.createdate,jdbcType=TIMESTAMP},
      state = #{record.state,jdbcType=BIT}
    <if test="_parameter != null">
      <include refid="Update_By_Example_Where_Clause" />
    </if>
  </update>
  <update id="updateByPrimaryKeySelective" parameterType="xsl.erp.pojo.XslTag">
    update xsl_tag
    <set>
      <if test="tagid != null">
        tagId = #{tagid,jdbcType=VARCHAR},
      </if>
      <if test="name != null">
        name = #{name,jdbcType=VARCHAR},
      </if>
      <if test="usenum != null">
        useNum = #{usenum,jdbcType=SMALLINT},
      </if>
      <if test="createdate != null">
        createDate = #{createdate,jdbcType=TIMESTAMP},
      </if>
      <if test="state != null">
        state = #{state,jdbcType=BIT},
      </if>
    </set>
    where id = #{id,jdbcType=INTEGER}
  </update>
  <update id="updateByPrimaryKey" parameterType="xsl.erp.pojo.XslTag">
    update xsl_tag
    set tagId = #{tagid,jdbcType=VARCHAR},
      name = #{name,jdbcType=VARCHAR},
      useNum = #{usenum,jdbcType=SMALLINT},
      createDate = #{createdate,jdbcType=TIMESTAMP},
      state = #{state,jdbcType=BIT}
    where id = #{id,jdbcType=INTEGER}
  </update>
</mapper>