<?xml version="1.0" encoding="UTF-8"?>
<!DOCTYPE mapper PUBLIC "-//mybatis.org//DTD Mapper 3.0//EN" "http://mybatis.org/dtd/mybatis-3-mapper.dtd">
<mapper namespace="com.xsl.erp.mapper.XslUserFileMapper">
  <resultMap id="BaseResultMap" type="xsl.erp.pojo.XslUserFile">
    <id column="Id" jdbcType="INTEGER" property="id" />
    <result column="userId" jdbcType="VARCHAR" property="userid" />
    <result column="fileId" jdbcType="VARCHAR" property="fileid" />
    <result column="type" jdbcType="VARCHAR" property="type" />
    <result column="createDate" jdbcType="TIMESTAMP" property="createdate" />
    <result column="updateDate" jdbcType="TIMESTAMP" property="updatedate" />
  </resultMap>
  <sql id="Example_Where_Clause">
    <where>
      <foreach collection="oredCriteria" item="criteria" separator="or">
        <if test="criteria.valid">
          <trim prefix="(" prefixOverrides="and" suffix=")">
            <foreach collection="criteria.criteria" item="criterion">
              <choose>
                <when test="criterion.noValue">
                  and ${criterion.condition}
                </when>
                <when test="criterion.singleValue">
                  and ${criterion.condition} #{criterion.value}
                </when>
                <when test="criterion.betweenValue">
                  and ${criterion.condition} #{criterion.value} and #{criterion.secondValue}
                </when>
                <when test="criterion.listValue">
                  and ${criterion.condition}
                  <foreach close=")" collection="criterion.value" item="listItem" open="(" separator=",">
                    #{listItem}
                  </foreach>
                </when>
              </choose>
            </foreach>
          </trim>
        </if>
      </foreach>
    </where>
  </sql>
  <sql id="Update_By_Example_Where_Clause">
    <where>
      <foreach collection="example.oredCriteria" item="criteria" separator="or">
        <if test="criteria.valid">
          <trim prefix="(" prefixOverrides="and" suffix=")">
            <foreach collection="criteria.criteria" item="criterion">
              <choose>
                <when test="criterion.noValue">
                  and ${criterion.condition}
                </when>
                <when test="criterion.singleValue">
                  and ${criterion.condition} #{criterion.value}
                </when>
                <when test="criterion.betweenValue">
                  and ${criterion.condition} #{criterion.value} and #{criterion.secondValue}
                </when>
                <when test="criterion.listValue">
                  and ${criterion.condition}
                  <foreach close=")" collection="criterion.value" item="listItem" open="(" separator=",">
                    #{listItem}
                  </foreach>
                </when>
              </choose>
            </foreach>
          </trim>
        </if>
      </foreach>
    </where>
  </sql>
  <sql id="Base_Column_List">
    Id, userId, fileId, type, createDate, updateDate
  </sql>
  <select id="selectByExample" parameterType="xsl.erp.pojo.XslUserFileExample" resultMap="BaseResultMap">
    select
    <if test="distinct">
      distinct
    </if>
    <include refid="Base_Column_List" />
    from xsl_user_file
    <if test="_parameter != null">
      <include refid="Example_Where_Clause" />
    </if>
    <if test="orderByClause != null">
      order by ${orderByClause}
    </if>
  </select>
  <select id="selectByPrimaryKey" parameterType="java.lang.Integer" resultMap="BaseResultMap">
    select 
    <include refid="Base_Column_List" />
    from xsl_user_file
    where Id = #{id,jdbcType=INTEGER}
  </select>
  <delete id="deleteByPrimaryKey" parameterType="java.lang.Integer">
    delete from xsl_user_file
    where Id = #{id,jdbcType=INTEGER}
  </delete>
  <delete id="deleteByExample" parameterType="xsl.erp.pojo.XslUserFileExample">
    delete from xsl_user_file
    <if test="_parameter != null">
      <include refid="Example_Where_Clause" />
    </if>
  </delete>
  <insert id="insert" parameterType="xsl.erp.pojo.XslUserFile">
    insert into xsl_user_file (Id, userId, fileId, 
      type, createDate, updateDate
      )
    values (#{id,jdbcType=INTEGER}, #{userid,jdbcType=VARCHAR}, #{fileid,jdbcType=VARCHAR}, 
      #{type,jdbcType=VARCHAR}, #{createdate,jdbcType=TIMESTAMP}, #{updatedate,jdbcType=TIMESTAMP}
      )
  </insert>
  <insert id="insertSelective" parameterType="xsl.erp.pojo.XslUserFile">
    insert into xsl_user_file
    <trim prefix="(" suffix=")" suffixOverrides=",">
      <if test="id != null">
        Id,
      </if>
      <if test="userid != null">
        userId,
      </if>
      <if test="fileid != null">
        fileId,
      </if>
      <if test="type != null">
        type,
      </if>
      <if test="createdate != null">
        createDate,
      </if>
      <if test="updatedate != null">
        updateDate,
      </if>
    </trim>
    <trim prefix="values (" suffix=")" suffixOverrides=",">
      <if test="id != null">
        #{id,jdbcType=INTEGER},
      </if>
      <if test="userid != null">
        #{userid,jdbcType=VARCHAR},
      </if>
      <if test="fileid != null">
        #{fileid,jdbcType=VARCHAR},
      </if>
      <if test="type != null">
        #{type,jdbcType=VARCHAR},
      </if>
      <if test="createdate != null">
        #{createdate,jdbcType=TIMESTAMP},
      </if>
      <if test="updatedate != null">
        #{updatedate,jdbcType=TIMESTAMP},
      </if>
    </trim>
  </insert>
  <select id="countByExample" parameterType="xsl.erp.pojo.XslUserFileExample" resultType="java.lang.Long">
    select count(*) from xsl_user_file
    <if test="_parameter != null">
      <include refid="Example_Where_Clause" />
    </if>
  </select>
  <update id="updateByExampleSelective" parameterType="map">
    update xsl_user_file
    <set>
      <if test="record.id != null">
        Id = #{record.id,jdbcType=INTEGER},
      </if>
      <if test="record.userid != null">
        userId = #{record.userid,jdbcType=VARCHAR},
      </if>
      <if test="record.fileid != null">
        fileId = #{record.fileid,jdbcType=VARCHAR},
      </if>
      <if test="record.type != null">
        type = #{record.type,jdbcType=VARCHAR},
      </if>
      <if test="record.createdate != null">
        createDate = #{record.createdate,jdbcType=TIMESTAMP},
      </if>
      <if test="record.updatedate != null">
        updateDate = #{record.updatedate,jdbcType=TIMESTAMP},
      </if>
    </set>
    <if test="_parameter != null">
      <include refid="Update_By_Example_Where_Clause" />
    </if>
  </update>
  <update id="updateByExample" parameterType="map">
    update xsl_user_file
    set Id = #{record.id,jdbcType=INTEGER},
      userId = #{record.userid,jdbcType=VARCHAR},
      fileId = #{record.fileid,jdbcType=VARCHAR},
      type = #{record.type,jdbcType=VARCHAR},
      createDate = #{record.createdate,jdbcType=TIMESTAMP},
      updateDate = #{record.updatedate,jdbcType=TIMESTAMP}
    <if test="_parameter != null">
      <include refid="Update_By_Example_Where_Clause" />
    </if>
  </update>
  <update id="updateByPrimaryKeySelective" parameterType="xsl.erp.pojo.XslUserFile">
    update xsl_user_file
    <set>
      <if test="userid != null">
        userId = #{userid,jdbcType=VARCHAR},
      </if>
      <if test="fileid != null">
        fileId = #{fileid,jdbcType=VARCHAR},
      </if>
      <if test="type != null">
        type = #{type,jdbcType=VARCHAR},
      </if>
      <if test="createdate != null">
        createDate = #{createdate,jdbcType=TIMESTAMP},
      </if>
      <if test="updatedate != null">
        updateDate = #{updatedate,jdbcType=TIMESTAMP},
      </if>
    </set>
    where Id = #{id,jdbcType=INTEGER}
  </update>
  <update id="updateByPrimaryKey" parameterType="xsl.erp.pojo.XslUserFile">
    update xsl_user_file
    set userId = #{userid,jdbcType=VARCHAR},
      fileId = #{fileid,jdbcType=VARCHAR},
      type = #{type,jdbcType=VARCHAR},
      createDate = #{createdate,jdbcType=TIMESTAMP},
      updateDate = #{updatedate,jdbcType=TIMESTAMP}
    where Id = #{id,jdbcType=INTEGER}
  </update>
</mapper>