<?xml version="1.0" encoding="UTF-8"?>
<!DOCTYPE mapper PUBLIC "-//mybatis.org//DTD Mapper 3.0//EN" "http://mybatis.org/dtd/mybatis-3-mapper.dtd">
<mapper namespace="com.xsl.erp.mapper.XslUserMapper">
  <resultMap id="BaseResultMap" type="xsl.erp.pojo.XslUser">
    <id column="id" jdbcType="INTEGER" property="id" />
    <result column="userId" jdbcType="VARCHAR" property="userid" />
    <result column="hunterId" jdbcType="VARCHAR" property="hunterid" />
    <result column="masterId" jdbcType="VARCHAR" property="masterid" />
    <result column="schoolInfo" jdbcType="VARCHAR" property="schoolinfo" />
    <result column="name" jdbcType="VARCHAR" property="name" />
    <result column="password" jdbcType="VARCHAR" property="password" />
    <result column="sex" jdbcType="VARCHAR" property="sex" />
    <result column="phone" jdbcType="VARCHAR" property="phone" />
    <result column="email" jdbcType="VARCHAR" property="email" />
    <result column="state" jdbcType="TINYINT" property="state" />
    <result column="signature" jdbcType="VARCHAR" property="signature" />
    <result column="createDate" jdbcType="TIMESTAMP" property="createdate" />
    <result column="updateDate" jdbcType="TIMESTAMP" property="updatedate" />
  </resultMap>
  <sql id="Example_Where_Clause">
    <where>
      <foreach collection="oredCriteria" item="criteria" separator="or">
        <if test="criteria.valid">
          <trim prefix="(" prefixOverrides="and" suffix=")">
            <foreach collection="criteria.criteria" item="criterion">
              <choose>
                <when test="criterion.noValue">
                  and ${criterion.condition}
                </when>
                <when test="criterion.singleValue">
                  and ${criterion.condition} #{criterion.value}
                </when>
                <when test="criterion.betweenValue">
                  and ${criterion.condition} #{criterion.value} and #{criterion.secondValue}
                </when>
                <when test="criterion.listValue">
                  and ${criterion.condition}
                  <foreach close=")" collection="criterion.value" item="listItem" open="(" separator=",">
                    #{listItem}
                  </foreach>
                </when>
              </choose>
            </foreach>
          </trim>
        </if>
      </foreach>
    </where>
  </sql>
  <sql id="Update_By_Example_Where_Clause">
    <where>
      <foreach collection="example.oredCriteria" item="criteria" separator="or">
        <if test="criteria.valid">
          <trim prefix="(" prefixOverrides="and" suffix=")">
            <foreach collection="criteria.criteria" item="criterion">
              <choose>
                <when test="criterion.noValue">
                  and ${criterion.condition}
                </when>
                <when test="criterion.singleValue">
                  and ${criterion.condition} #{criterion.value}
                </when>
                <when test="criterion.betweenValue">
                  and ${criterion.condition} #{criterion.value} and #{criterion.secondValue}
                </when>
                <when test="criterion.listValue">
                  and ${criterion.condition}
                  <foreach close=")" collection="criterion.value" item="listItem" open="(" separator=",">
                    #{listItem}
                  </foreach>
                </when>
              </choose>
            </foreach>
          </trim>
        </if>
      </foreach>
    </where>
  </sql>
  <sql id="Base_Column_List">
    id, userId, hunterId, masterId, schoolInfo, name, password, sex, phone, email, state, 
    signature, createDate, updateDate
  </sql>
  <select id="selectByExample" parameterType="xsl.erp.pojo.XslUserExample" resultMap="BaseResultMap">
    select
    <if test="distinct">
      distinct
    </if>
    <include refid="Base_Column_List" />
    from xsl_user
    <if test="_parameter != null">
      <include refid="Example_Where_Clause" />
    </if>
    <if test="orderByClause != null">
      order by ${orderByClause}
    </if>
  </select>
  <select id="selectByPrimaryKey" parameterType="java.lang.Integer" resultMap="BaseResultMap">
    select 
    <include refid="Base_Column_List" />
    from xsl_user
    where id = #{id,jdbcType=INTEGER}
  </select>
  <delete id="deleteByPrimaryKey" parameterType="java.lang.Integer">
    delete from xsl_user
    where id = #{id,jdbcType=INTEGER}
  </delete>
  <delete id="deleteByExample" parameterType="xsl.erp.pojo.XslUserExample">
    delete from xsl_user
    <if test="_parameter != null">
      <include refid="Example_Where_Clause" />
    </if>
  </delete>
  <insert id="insert" parameterType="xsl.erp.pojo.XslUser">
    insert into xsl_user (id, userId, hunterId, 
      masterId, schoolInfo, name, 
      password, sex, phone, 
      email, state, signature, 
      createDate, updateDate)
    values (#{id,jdbcType=INTEGER}, #{userid,jdbcType=VARCHAR}, #{hunterid,jdbcType=VARCHAR}, 
      #{masterid,jdbcType=VARCHAR}, #{schoolinfo,jdbcType=VARCHAR}, #{name,jdbcType=VARCHAR}, 
      #{password,jdbcType=VARCHAR}, #{sex,jdbcType=VARCHAR}, #{phone,jdbcType=VARCHAR}, 
      #{email,jdbcType=VARCHAR}, #{state,jdbcType=TINYINT}, #{signature,jdbcType=VARCHAR}, 
      #{createdate,jdbcType=TIMESTAMP}, #{updatedate,jdbcType=TIMESTAMP})
  </insert>
  <insert id="insertSelective" parameterType="xsl.erp.pojo.XslUser">
    insert into xsl_user
    <trim prefix="(" suffix=")" suffixOverrides=",">
      <if test="id != null">
        id,
      </if>
      <if test="userid != null">
        userId,
      </if>
      <if test="hunterid != null">
        hunterId,
      </if>
      <if test="masterid != null">
        masterId,
      </if>
      <if test="schoolinfo != null">
        schoolInfo,
      </if>
      <if test="name != null">
        name,
      </if>
      <if test="password != null">
        password,
      </if>
      <if test="sex != null">
        sex,
      </if>
      <if test="phone != null">
        phone,
      </if>
      <if test="email != null">
        email,
      </if>
      <if test="state != null">
        state,
      </if>
      <if test="signature != null">
        signature,
      </if>
      <if test="createdate != null">
        createDate,
      </if>
      <if test="updatedate != null">
        updateDate,
      </if>
    </trim>
    <trim prefix="values (" suffix=")" suffixOverrides=",">
      <if test="id != null">
        #{id,jdbcType=INTEGER},
      </if>
      <if test="userid != null">
        #{userid,jdbcType=VARCHAR},
      </if>
      <if test="hunterid != null">
        #{hunterid,jdbcType=VARCHAR},
      </if>
      <if test="masterid != null">
        #{masterid,jdbcType=VARCHAR},
      </if>
      <if test="schoolinfo != null">
        #{schoolinfo,jdbcType=VARCHAR},
      </if>
      <if test="name != null">
        #{name,jdbcType=VARCHAR},
      </if>
      <if test="password != null">
        #{password,jdbcType=VARCHAR},
      </if>
      <if test="sex != null">
        #{sex,jdbcType=VARCHAR},
      </if>
      <if test="phone != null">
        #{phone,jdbcType=VARCHAR},
      </if>
      <if test="email != null">
        #{email,jdbcType=VARCHAR},
      </if>
      <if test="state != null">
        #{state,jdbcType=TINYINT},
      </if>
      <if test="signature != null">
        #{signature,jdbcType=VARCHAR},
      </if>
      <if test="createdate != null">
        #{createdate,jdbcType=TIMESTAMP},
      </if>
      <if test="updatedate != null">
        #{updatedate,jdbcType=TIMESTAMP},
      </if>
    </trim>
  </insert>
  <select id="countByExample" parameterType="xsl.erp.pojo.XslUserExample" resultType="java.lang.Long">
    select count(*) from xsl_user
    <if test="_parameter != null">
      <include refid="Example_Where_Clause" />
    </if>
  </select>
  <update id="updateByExampleSelective" parameterType="map">
    update xsl_user
    <set>
      <if test="record.id != null">
        id = #{record.id,jdbcType=INTEGER},
      </if>
      <if test="record.userid != null">
        userId = #{record.userid,jdbcType=VARCHAR},
      </if>
      <if test="record.hunterid != null">
        hunterId = #{record.hunterid,jdbcType=VARCHAR},
      </if>
      <if test="record.masterid != null">
        masterId = #{record.masterid,jdbcType=VARCHAR},
      </if>
      <if test="record.schoolinfo != null">
        schoolInfo = #{record.schoolinfo,jdbcType=VARCHAR},
      </if>
      <if test="record.name != null">
        name = #{record.name,jdbcType=VARCHAR},
      </if>
      <if test="record.password != null">
        password = #{record.password,jdbcType=VARCHAR},
      </if>
      <if test="record.sex != null">
        sex = #{record.sex,jdbcType=VARCHAR},
      </if>
      <if test="record.phone != null">
        phone = #{record.phone,jdbcType=VARCHAR},
      </if>
      <if test="record.email != null">
        email = #{record.email,jdbcType=VARCHAR},
      </if>
      <if test="record.state != null">
        state = #{record.state,jdbcType=TINYINT},
      </if>
      <if test="record.signature != null">
        signature = #{record.signature,jdbcType=VARCHAR},
      </if>
      <if test="record.createdate != null">
        createDate = #{record.createdate,jdbcType=TIMESTAMP},
      </if>
      <if test="record.updatedate != null">
        updateDate = #{record.updatedate,jdbcType=TIMESTAMP},
      </if>
    </set>
    <if test="_parameter != null">
      <include refid="Update_By_Example_Where_Clause" />
    </if>
  </update>
  <update id="updateByExample" parameterType="map">
    update xsl_user
    set id = #{record.id,jdbcType=INTEGER},
      userId = #{record.userid,jdbcType=VARCHAR},
      hunterId = #{record.hunterid,jdbcType=VARCHAR},
      masterId = #{record.masterid,jdbcType=VARCHAR},
      schoolInfo = #{record.schoolinfo,jdbcType=VARCHAR},
      name = #{record.name,jdbcType=VARCHAR},
      password = #{record.password,jdbcType=VARCHAR},
      sex = #{record.sex,jdbcType=VARCHAR},
      phone = #{record.phone,jdbcType=VARCHAR},
      email = #{record.email,jdbcType=VARCHAR},
      state = #{record.state,jdbcType=TINYINT},
      signature = #{record.signature,jdbcType=VARCHAR},
      createDate = #{record.createdate,jdbcType=TIMESTAMP},
      updateDate = #{record.updatedate,jdbcType=TIMESTAMP}
    <if test="_parameter != null">
      <include refid="Update_By_Example_Where_Clause" />
    </if>
  </update>
  <update id="updateByPrimaryKeySelective" parameterType="xsl.erp.pojo.XslUser">
    update xsl_user
    <set>
      <if test="userid != null">
        userId = #{userid,jdbcType=VARCHAR},
      </if>
      <if test="hunterid != null">
        hunterId = #{hunterid,jdbcType=VARCHAR},
      </if>
      <if test="masterid != null">
        masterId = #{masterid,jdbcType=VARCHAR},
      </if>
      <if test="schoolinfo != null">
        schoolInfo = #{schoolinfo,jdbcType=VARCHAR},
      </if>
      <if test="name != null">
        name = #{name,jdbcType=VARCHAR},
      </if>
      <if test="password != null">
        password = #{password,jdbcType=VARCHAR},
      </if>
      <if test="sex != null">
        sex = #{sex,jdbcType=VARCHAR},
      </if>
      <if test="phone != null">
        phone = #{phone,jdbcType=VARCHAR},
      </if>
      <if test="email != null">
        email = #{email,jdbcType=VARCHAR},
      </if>
      <if test="state != null">
        state = #{state,jdbcType=TINYINT},
      </if>
      <if test="signature != null">
        signature = #{signature,jdbcType=VARCHAR},
      </if>
      <if test="createdate != null">
        createDate = #{createdate,jdbcType=TIMESTAMP},
      </if>
      <if test="updatedate != null">
        updateDate = #{updatedate,jdbcType=TIMESTAMP},
      </if>
    </set>
    where id = #{id,jdbcType=INTEGER}
  </update>
  <update id="updateByPrimaryKey" parameterType="xsl.erp.pojo.XslUser">
    update xsl_user
    set userId = #{userid,jdbcType=VARCHAR},
      hunterId = #{hunterid,jdbcType=VARCHAR},
      masterId = #{masterid,jdbcType=VARCHAR},
      schoolInfo = #{schoolinfo,jdbcType=VARCHAR},
      name = #{name,jdbcType=VARCHAR},
      password = #{password,jdbcType=VARCHAR},
      sex = #{sex,jdbcType=VARCHAR},
      phone = #{phone,jdbcType=VARCHAR},
      email = #{email,jdbcType=VARCHAR},
      state = #{state,jdbcType=TINYINT},
      signature = #{signature,jdbcType=VARCHAR},
      createDate = #{createdate,jdbcType=TIMESTAMP},
      updateDate = #{updatedate,jdbcType=TIMESTAMP}
    where id = #{id,jdbcType=INTEGER}
  </update>
</mapper>